_id,courseSectionId,date,startPeriod,numPeriods,room,status
6a71f2aa566111f977805a7e,6a71f25956c0266186cf5ab6,2026-01-05 17:00:00,1,3,A101,completed
6a71f2aa566111f977805a82,6a71f25956c0266186cf5ab6,2026-01-12 17:00:00,1,3,A101,completed
6a71f2aa566111f977805a87,6a71f25956c0266186cf5ab6,2026-01-19 17:00:00,1,3,A101,completed
6a71f2aa566111f977805a8a,6a71f25956c0266186cf5ab6,2026-01-26 17:00:00,1,3,A101,completed
6a71f2aa566111f977805a8e,6a71f25956c0266186cf5ab6,2026-02-02 17:00:00,1,3,A101,completed
6a71f2aa566111f977805a93,6a71f25956c0266186cf5ab6,2026-02-09 17:00:00,1,3,A101,completed
6a71f2aa566111f977805a97,6a71f25956c0266186cf5ab6,2026-02-16 17:00:00,1,3,A101,completed
6a71f2aa566111f977805a9b,6a71f25956c0266186cf5ab6,2026-02-23 17:00:00,1,3,A101,completed
6a71f2aa566111f977805a9e,6a71f25956c0266186cf5ab6,2026-03-02 17:00:00,1,3,A101,completed
6a71f2aa566111f977805aa1,6a71f25956c0266186cf5ab6,2026-03-09 17:00:00,1,3,A101,completed
6a71f2aa566111f977805aa4,6a71f25956c0266186cf5ab6,2026-03-16 17:00:00,1,3,A101,completed
6a71f2aa566111f977805aa7,6a71f25956c0266186cf5ab6,2026-03-23 17:00:00,1,3,A101,completed
6a71f2aa566111f977805aaa,6a71f25956c0266186cf5ab6,2026-03-30 17:00:00,1,3,A101,completed
6a71f2ab566111f977805aad,6a71f25956c0266186cf5ab6,2026-04-06 17:00:00,1,3,A101,completed
6a71f2ab566111f977805ab0,6a71f25956c0266186cf5ab6,2026-04-13 17:00:00,1,3,A101,completed
6a71f2ab566111f977805ab3,6a71f25956c0266186cf5ab6,2026-04-20 17:00:00,1,3,A101,completed
6a71f2ab566111f977805ab6,6a71f25956c0266186cf5ab6,2026-04-27 17:00:00,1,3,A101,completed
6a71f2ab566111f977805ab9,6a71f25956c0266186cf5ab6,2026-05-04 17:00:00,1,3,A101,completed
6a71f2ab566111f977805abc,6a71f25956c0266186cf5ab6,2026-05-11 17:00:00,1,3,A101,completed
6a71f2ab566111f977805abf,6a71f25956c0266186cf5ab6,2026-05-18 17:00:00,1,3,A101,completed
6a71f2ab566111f977805ac2,6a71f25956c0266186cf5ab6,2026-05-25 17:00:00,1,3,A101,completed
6a71f2ab566111f977805ac5,6a71f25956c0266186cf5ab6,2026-06-01 17:00:00,1,3,A101,completed
6a71f2ab566111f977805ac8,6a71f25956c0266186cf5ab6,2026-06-08 17:00:00,1,3,A101,completed
6a71f2ab566111f977805acb,6a71f25956c0266186cf5ab6,2026-06-15 17:00:00,1,3,A101,completed
6a71f2ab566111f977805ace,6a71f25956c0266186cf5ab6,2026-06-22 17:00:00,1,3,A101,completed
6a71f2ab566111f977805ad1,6a71f25956c0266186cf5ab6,2026-06-29 17:00:00,1,3,A101,completed
6a71f2ab566111f977805ad4,6a71f25956c0266186cf5ab6,2026-07-06 17:00:00,1,3,A101,completed
6a71f2ab566111f977805ad7,6a71f25956c0266186cf5ab6,2026-07-13 17:00:00,1,3,A101,completed
6a71f2ab566111f977805ada,6a71f25956c0266186cf5ab6,2026-07-20 17:00:00,1,3,A101,completed
6a71f2ab566111f977805add,6a71f25956c0266186cf5ab6,2026-07-27 17:00:00,1,3,A101,completed
6a71f2c1566111f977806172,6a71f25956c0266186cf5abc,2026-01-05 17:00:00,1,3,A102,completed
6a71f2c1566111f977806175,6a71f25956c0266186cf5abc,2026-01-12 17:00:00,1,3,A102,completed
6a71f2c1566111f977806178,6a71f25956c0266186cf5abc,2026-01-19 17:00:00,1,3,A102,completed
6a71f2c1566111f97780617b,6a71f25956c0266186cf5abc,2026-01-26 17:00:00,1,3,A102,completed
6a71f2c1566111f97780617e,6a71f25956c0266186cf5abc,2026-02-02 17:00:00,1,3,A102,completed
6a71f2c1566111f977806181,6a71f25956c0266186cf5abc,2026-02-09 17:00:00,1,3,A102,completed
6a71f2c1566111f977806184,6a71f25956c0266186cf5abc,2026-02-16 17:00:00,1,3,A102,completed
6a71f2c1566111f977806187,6a71f25956c0266186cf5abc,2026-02-23 17:00:00,1,3,A102,completed
6a71f2c1566111f97780618a,6a71f25956c0266186cf5abc,2026-03-02 17:00:00,1,3,A102,completed
6a71f2c1566111f97780618d,6a71f25956c0266186cf5abc,2026-03-09 17:00:00,1,3,A102,completed
6a71f2c1566111f977806190,6a71f25956c0266186cf5abc,2026-03-16 17:00:00,1,3,A102,completed
6a71f2c1566111f977806193,6a71f25956c0266186cf5abc,2026-03-23 17:00:00,1,3,A102,completed
6a71f2c2566111f977806196,6a71f25956c0266186cf5abc,2026-03-30 17:00:00,1,3,A102,completed
6a71f2c2566111f977806199,6a71f25956c0266186cf5abc,2026-04-06 17:00:00,1,3,A102,completed
6a71f2c2566111f97780619c,6a71f25956c0266186cf5abc,2026-04-13 17:00:00,1,3,A102,completed
6a71f2c2566111f97780619f,6a71f25956c0266186cf5abc,2026-04-20 17:00:00,1,3,A102,completed
6a71f2c2566111f9778061a2,6a71f25956c0266186cf5abc,2026-04-27 17:00:00,1,3,A102,completed
6a71f2c2566111f9778061a5,6a71f25956c0266186cf5abc,2026-05-04 17:00:00,1,3,A102,completed
6a71f2c2566111f9778061a8,6a71f25956c0266186cf5abc,2026-05-11 17:00:00,1,3,A102,completed
6a71f2c2566111f9778061ab,6a71f25956c0266186cf5abc,2026-05-18 17:00:00,1,3,A102,completed
6a71f2c2566111f9778061ae,6a71f25956c0266186cf5abc,2026-05-25 17:00:00,1,3,A102,completed
6a71f2c2566111f9778061b1,6a71f25956c0266186cf5abc,2026-06-01 17:00:00,1,3,A102,completed
6a71f2c2566111f9778061b4,6a71f25956c0266186cf5abc,2026-06-08 17:00:00,1,3,A102,completed
6a71f2c2566111f9778061b7,6a71f25956c0266186cf5abc,2026-06-15 17:00:00,1,3,A102,completed
6a71f2c2566111f9778061ba,6a71f25956c0266186cf5abc,2026-06-22 17:00:00,1,3,A102,completed
6a71f2c2566111f9778061bd,6a71f25956c0266186cf5abc,2026-06-29 17:00:00,1,3,A102,completed
6a71f2c2566111f9778061c0,6a71f25956c0266186cf5abc,2026-07-06 17:00:00,1,3,A102,completed
6a71f2c2566111f9778061c3,6a71f25956c0266186cf5abc,2026-07-13 17:00:00,1,3,A102,completed
6a71f2c2566111f9778061c6,6a71f25956c0266186cf5abc,2026-07-20 17:00:00,1,3,A102,completed
6a71f2c2566111f9778061c9,6a71f25956c0266186cf5abc,2026-07-27 17:00:00,1,3,A102,completed
6a71f2d9566111f97780689f,6a71f25956c0266186cf5ac2,2026-01-05 17:00:00,1,3,D101,completed
6a71f2d9566111f9778068a2,6a71f25956c0266186cf5ac2,2026-01-12 17:00:00,1,3,D101,completed
6a71f2d9566111f9778068a5,6a71f25956c0266186cf5ac2,2026-01-19 17:00:00,1,3,D101,completed
6a71f2d9566111f9778068a8,6a71f25956c0266186cf5ac2,2026-01-26 17:00:00,1,3,D101,completed
6a71f2d9566111f9778068ab,6a71f25956c0266186cf5ac2,2026-02-02 17:00:00,1,3,D101,completed
6a71f2d9566111f9778068ae,6a71f25956c0266186cf5ac2,2026-02-09 17:00:00,1,3,D101,completed
6a71f2d9566111f9778068b1,6a71f25956c0266186cf5ac2,2026-02-16 17:00:00,1,3,D101,completed
6a71f2d9566111f9778068b4,6a71f25956c0266186cf5ac2,2026-02-23 17:00:00,1,3,D101,completed
6a71f2d9566111f9778068b7,6a71f25956c0266186cf5ac2,2026-03-02 17:00:00,1,3,D101,completed
6a71f2d9566111f9778068ba,6a71f25956c0266186cf5ac2,2026-03-09 17:00:00,1,3,D101,completed
6a71f2d9566111f9778068bd,6a71f25956c0266186cf5ac2,2026-03-16 17:00:00,1,3,D101,completed
6a71f2d9566111f9778068c0,6a71f25956c0266186cf5ac2,2026-03-23 17:00:00,1,3,D101,completed
6a71f2d9566111f9778068c3,6a71f25956c0266186cf5ac2,2026-03-30 17:00:00,1,3,D101,completed
6a71f2d9566111f9778068c6,6a71f25956c0266186cf5ac2,2026-04-06 17:00:00,1,3,D101,completed
6a71f2d9566111f9778068c9,6a71f25956c0266186cf5ac2,2026-04-13 17:00:00,1,3,D101,completed
6a71f2da566111f9778068cc,6a71f25956c0266186cf5ac2,2026-04-20 17:00:00,1,3,D101,completed
6a71f2da566111f9778068cf,6a71f25956c0266186cf5ac2,2026-04-27 17:00:00,1,3,D101,completed
6a71f2da566111f9778068d2,6a71f25956c0266186cf5ac2,2026-05-04 17:00:00,1,3,D101,completed
6a71f2da566111f9778068d5,6a71f25956c0266186cf5ac2,2026-05-11 17:00:00,1,3,D101,completed
6a71f2da566111f9778068d8,6a71f25956c0266186cf5ac2,2026-05-18 17:00:00,1,3,D101,completed
6a71f2da566111f9778068db,6a71f25956c0266186cf5ac2,2026-05-25 17:00:00,1,3,D101,completed
6a71f2da566111f9778068de,6a71f25956c0266186cf5ac2,2026-06-01 17:00:00,1,3,D101,completed
6a71f2da566111f9778068e1,6a71f25956c0266186cf5ac2,2026-06-08 17:00:00,1,3,D101,completed
6a71f2da566111f9778068e4,6a71f25956c0266186cf5ac2,2026-06-15 17:00:00,1,3,D101,completed
6a71f2da566111f9778068e7,6a71f25956c0266186cf5ac2,2026-06-22 17:00:00,1,3,D101,completed
6a71f2da566111f9778068ea,6a71f25956c0266186cf5ac2,2026-06-29 17:00:00,1,3,D101,completed
6a71f2da566111f9778068ed,6a71f25956c0266186cf5ac2,2026-07-06 17:00:00,1,3,D101,completed
6a71f2da566111f9778068f0,6a71f25956c0266186cf5ac2,2026-07-13 17:00:00,1,3,D101,completed
6a71f2da566111f9778068f3,6a71f25956c0266186cf5ac2,2026-07-20 17:00:00,1,3,D101,completed
6a71f2da566111f9778068f6,6a71f25956c0266186cf5ac2,2026-07-27 17:00:00,1,3,D101,completed
6a71f306566111f97780764d,6a71f25956c0266186cf5ac8,2026-01-05 17:00:00,4,3,D201,completed
6a71f306566111f977807650,6a71f25956c0266186cf5ac8,2026-01-12 17:00:00,4,3,D201,completed
6a71f306566111f977807653,6a71f25956c0266186cf5ac8,2026-01-19 17:00:00,4,3,D201,completed
6a71f306566111f977807656,6a71f25956c0266186cf5ac8,2026-01-26 17:00:00,4,3,D201,completed
6a71f306566111f977807659,6a71f25956c0266186cf5ac8,2026-02-02 17:00:00,4,3,D201,completed
6a71f306566111f97780765c,6a71f25956c0266186cf5ac8,2026-02-09 17:00:00,4,3,D201,completed
6a71f306566111f97780765f,6a71f25956c0266186cf5ac8,2026-02-16 17:00:00,4,3,D201,completed
6a71f306566111f977807662,6a71f25956c0266186cf5ac8,2026-02-23 17:00:00,4,3,D201,completed
6a71f306566111f977807665,6a71f25956c0266186cf5ac8,2026-03-02 17:00:00,4,3,D201,completed
6a71f306566111f977807668,6a71f25956c0266186cf5ac8,2026-03-09 17:00:00,4,3,D201,completed
6a71f306566111f97780766b,6a71f25956c0266186cf5ac8,2026-03-16 17:00:00,4,3,D201,completed
6a71f306566111f97780766e,6a71f25956c0266186cf5ac8,2026-03-23 17:00:00,4,3,D201,completed
6a71f306566111f977807671,6a71f25956c0266186cf5ac8,2026-03-30 17:00:00,4,3,D201,completed
6a71f307566111f977807674,6a71f25956c0266186cf5ac8,2026-04-06 17:00:00,4,3,D201,completed
6a71f307566111f977807677,6a71f25956c0266186cf5ac8,2026-04-13 17:00:00,4,3,D201,completed
6a71f307566111f97780767a,6a71f25956c0266186cf5ac8,2026-04-20 17:00:00,4,3,D201,completed
6a71f307566111f97780767d,6a71f25956c0266186cf5ac8,2026-04-27 17:00:00,4,3,D201,completed
6a71f307566111f977807680,6a71f25956c0266186cf5ac8,2026-05-04 17:00:00,4,3,D201,completed
6a71f307566111f977807683,6a71f25956c0266186cf5ac8,2026-05-11 17:00:00,4,3,D201,completed
6a71f307566111f977807686,6a71f25956c0266186cf5ac8,2026-05-18 17:00:00,4,3,D201,completed
6a71f307566111f977807689,6a71f25956c0266186cf5ac8,2026-05-25 17:00:00,4,3,D201,completed
6a71f307566111f97780768c,6a71f25956c0266186cf5ac8,2026-06-01 17:00:00,4,3,D201,completed
6a71f307566111f97780768f,6a71f25956c0266186cf5ac8,2026-06-08 17:00:00,4,3,D201,completed
6a71f307566111f977807692,6a71f25956c0266186cf5ac8,2026-06-15 17:00:00,4,3,D201,completed
6a71f307566111f977807695,6a71f25956c0266186cf5ac8,2026-06-22 17:00:00,4,3,D201,completed
6a71f307566111f977807698,6a71f25956c0266186cf5ac8,2026-06-29 17:00:00,4,3,D201,completed
6a71f307566111f97780769b,6a71f25956c0266186cf5ac8,2026-07-06 17:00:00,4,3,D201,completed
6a71f307566111f97780769e,6a71f25956c0266186cf5ac8,2026-07-13 17:00:00,4,3,D201,completed
6a71f307566111f9778076a1,6a71f25956c0266186cf5ac8,2026-07-20 17:00:00,4,3,D201,completed
6a71f307566111f9778076a4,6a71f25956c0266186cf5ac8,2026-07-27 17:00:00,4,3,D201,completed
6a71f333566111f977808419,6a71f25956c0266186cf5ace,2026-01-05 17:00:00,4,2,E101,completed
6a71f333566111f97780841c,6a71f25956c0266186cf5ace,2026-01-12 17:00:00,4,2,E101,completed
6a71f333566111f97780841f,6a71f25956c0266186cf5ace,2026-01-19 17:00:00,4,2,E101,completed
6a71f333566111f977808422,6a71f25956c0266186cf5ace,2026-01-26 17:00:00,4,2,E101,completed
6a71f333566111f977808425,6a71f25956c0266186cf5ace,2026-02-02 17:00:00,4,2,E101,completed
6a71f333566111f977808428,6a71f25956c0266186cf5ace,2026-02-09 17:00:00,4,2,E101,completed
6a71f333566111f97780842b,6a71f25956c0266186cf5ace,2026-02-16 17:00:00,4,2,E101,completed
6a71f333566111f97780842e,6a71f25956c0266186cf5ace,2026-02-23 17:00:00,4,2,E101,completed
6a71f333566111f977808431,6a71f25956c0266186cf5ace,2026-03-02 17:00:00,4,2,E101,completed
6a71f333566111f977808434,6a71f25956c0266186cf5ace,2026-03-09 17:00:00,4,2,E101,completed
6a71f333566111f977808437,6a71f25956c0266186cf5ace,2026-03-16 17:00:00,4,2,E101,completed
6a71f333566111f97780843a,6a71f25956c0266186cf5ace,2026-03-23 17:00:00,4,2,E101,completed
6a71f333566111f97780843d,6a71f25956c0266186cf5ace,2026-03-30 17:00:00,4,2,E101,completed
6a71f334566111f977808440,6a71f25956c0266186cf5ace,2026-04-06 17:00:00,4,2,E101,completed
6a71f334566111f977808443,6a71f25956c0266186cf5ace,2026-04-13 17:00:00,4,2,E101,completed
6a71f334566111f977808446,6a71f25956c0266186cf5ace,2026-04-20 17:00:00,4,2,E101,completed
6a71f334566111f977808449,6a71f25956c0266186cf5ace,2026-04-27 17:00:00,4,2,E101,completed
6a71f334566111f97780844c,6a71f25956c0266186cf5ace,2026-05-04 17:00:00,4,2,E101,completed
6a71f334566111f97780844f,6a71f25956c0266186cf5ace,2026-05-11 17:00:00,4,2,E101,completed
6a71f334566111f977808452,6a71f25956c0266186cf5ace,2026-05-18 17:00:00,4,2,E101,completed
6a71f334566111f977808455,6a71f25956c0266186cf5ace,2026-05-25 17:00:00,4,2,E101,completed
6a71f334566111f977808458,6a71f25956c0266186cf5ace,2026-06-01 17:00:00,4,2,E101,completed
6a71f334566111f97780845b,6a71f25956c0266186cf5ace,2026-06-08 17:00:00,4,2,E101,completed
6a71f334566111f97780845e,6a71f25956c0266186cf5ace,2026-06-15 17:00:00,4,2,E101,completed
6a71f334566111f977808461,6a71f25956c0266186cf5ace,2026-06-22 17:00:00,4,2,E101,completed
6a71f334566111f977808464,6a71f25956c0266186cf5ace,2026-06-29 17:00:00,4,2,E101,completed
6a71f334566111f977808467,6a71f25956c0266186cf5ace,2026-07-06 17:00:00,4,2,E101,completed
6a71f334566111f97780846a,6a71f25956c0266186cf5ace,2026-07-13 17:00:00,4,2,E101,completed
6a71f334566111f97780846d,6a71f25956c0266186cf5ace,2026-07-20 17:00:00,4,2,E101,completed
6a71f334566111f977808470,6a71f25956c0266186cf5ace,2026-07-27 17:00:00,4,2,E101,completed
6a71f34b566111f977808b2d,6a71f25a56c0266186cf5ad4,2026-01-05 17:00:00,7,2,E102,completed
6a71f34b566111f977808b30,6a71f25a56c0266186cf5ad4,2026-01-12 17:00:00,7,2,E102,completed
6a71f34b566111f977808b33,6a71f25a56c0266186cf5ad4,2026-01-19 17:00:00,7,2,E102,completed
6a71f34b566111f977808b36,6a71f25a56c0266186cf5ad4,2026-01-26 17:00:00,7,2,E102,completed
6a71f34b566111f977808b39,6a71f25a56c0266186cf5ad4,2026-02-02 17:00:00,7,2,E102,completed
6a71f34b566111f977808b3c,6a71f25a56c0266186cf5ad4,2026-02-09 17:00:00,7,2,E102,completed
6a71f34b566111f977808b3f,6a71f25a56c0266186cf5ad4,2026-02-16 17:00:00,7,2,E102,completed
6a71f34b566111f977808b42,6a71f25a56c0266186cf5ad4,2026-02-23 17:00:00,7,2,E102,completed
6a71f34b566111f977808b45,6a71f25a56c0266186cf5ad4,2026-03-02 17:00:00,7,2,E102,completed
6a71f34b566111f977808b48,6a71f25a56c0266186cf5ad4,2026-03-09 17:00:00,7,2,E102,completed
6a71f34c566111f977808b4b,6a71f25a56c0266186cf5ad4,2026-03-16 17:00:00,7,2,E102,completed
6a71f34c566111f977808b4e,6a71f25a56c0266186cf5ad4,2026-03-23 17:00:00,7,2,E102,completed
6a71f34c566111f977808b51,6a71f25a56c0266186cf5ad4,2026-03-30 17:00:00,7,2,E102,completed
6a71f34c566111f977808b54,6a71f25a56c0266186cf5ad4,2026-04-06 17:00:00,7,2,E102,completed
6a71f34c566111f977808b57,6a71f25a56c0266186cf5ad4,2026-04-13 17:00:00,7,2,E102,completed
6a71f34c566111f977808b5a,6a71f25a56c0266186cf5ad4,2026-04-20 17:00:00,7,2,E102,completed
6a71f34c566111f977808b5d,6a71f25a56c0266186cf5ad4,2026-04-27 17:00:00,7,2,E102,completed
6a71f34c566111f977808b60,6a71f25a56c0266186cf5ad4,2026-05-04 17:00:00,7,2,E102,completed
6a71f34c566111f977808b63,6a71f25a56c0266186cf5ad4,2026-05-11 17:00:00,7,2,E102,completed
6a71f34c566111f977808b66,6a71f25a56c0266186cf5ad4,2026-05-18 17:00:00,7,2,E102,completed
6a71f34c566111f977808b69,6a71f25a56c0266186cf5ad4,2026-05-25 17:00:00,7,2,E102,completed
6a71f34c566111f977808b6c,6a71f25a56c0266186cf5ad4,2026-06-01 17:00:00,7,2,E102,completed
6a71f34c566111f977808b6f,6a71f25a56c0266186cf5ad4,2026-06-08 17:00:00,7,2,E102,completed
6a71f34c566111f977808b72,6a71f25a56c0266186cf5ad4,2026-06-15 17:00:00,7,2,E102,completed
6a71f34c566111f977808b75,6a71f25a56c0266186cf5ad4,2026-06-22 17:00:00,7,2,E102,completed
6a71f34c566111f977808b78,6a71f25a56c0266186cf5ad4,2026-06-29 17:00:00,7,2,E102,completed
6a71f34c566111f977808b7b,6a71f25a56c0266186cf5ad4,2026-07-06 17:00:00,7,2,E102,completed
6a71f34c566111f977808b7e,6a71f25a56c0266186cf5ad4,2026-07-13 17:00:00,7,2,E102,completed
6a71f34d566111f977808b81,6a71f25a56c0266186cf5ad4,2026-07-20 17:00:00,7,2,E102,completed
6a71f34d566111f977808b84,6a71f25a56c0266186cf5ad4,2026-07-27 17:00:00,7,2,E102,completed
6a71f363566111f977809228,6a71f25a56c0266186cf5ada,2026-01-05 17:00:00,4,3,A301,completed
6a71f363566111f97780922b,6a71f25a56c0266186cf5ada,2026-01-12 17:00:00,4,3,A301,completed
6a71f363566111f97780922e,6a71f25a56c0266186cf5ada,2026-01-19 17:00:00,4,3,A301,completed
6a71f363566111f977809231,6a71f25a56c0266186cf5ada,2026-01-26 17:00:00,4,3,A301,completed
6a71f363566111f977809234,6a71f25a56c0266186cf5ada,2026-02-02 17:00:00,4,3,A301,completed
6a71f363566111f977809237,6a71f25a56c0266186cf5ada,2026-02-09 17:00:00,4,3,A301,completed
6a71f363566111f97780923a,6a71f25a56c0266186cf5ada,2026-02-16 17:00:00,4,3,A301,completed
6a71f363566111f97780923d,6a71f25a56c0266186cf5ada,2026-02-23 17:00:00,4,3,A301,completed
6a71f363566111f977809240,6a71f25a56c0266186cf5ada,2026-03-02 17:00:00,4,3,A301,completed
6a71f363566111f977809243,6a71f25a56c0266186cf5ada,2026-03-09 17:00:00,4,3,A301,completed
6a71f363566111f977809246,6a71f25a56c0266186cf5ada,2026-03-16 17:00:00,4,3,A301,completed
6a71f363566111f977809249,6a71f25a56c0266186cf5ada,2026-03-23 17:00:00,4,3,A301,completed
6a71f363566111f97780924c,6a71f25a56c0266186cf5ada,2026-03-30 17:00:00,4,3,A301,completed
6a71f363566111f97780924f,6a71f25a56c0266186cf5ada,2026-04-06 17:00:00,4,3,A301,completed
6a71f363566111f977809252,6a71f25a56c0266186cf5ada,2026-04-13 17:00:00,4,3,A301,completed
6a71f364566111f977809255,6a71f25a56c0266186cf5ada,2026-04-20 17:00:00,4,3,A301,completed
6a71f364566111f977809258,6a71f25a56c0266186cf5ada,2026-04-27 17:00:00,4,3,A301,completed
6a71f364566111f97780925b,6a71f25a56c0266186cf5ada,2026-05-04 17:00:00,4,3,A301,completed
6a71f364566111f97780925e,6a71f25a56c0266186cf5ada,2026-05-11 17:00:00,4,3,A301,completed
6a71f364566111f977809261,6a71f25a56c0266186cf5ada,2026-05-18 17:00:00,4,3,A301,completed
6a71f364566111f977809264,6a71f25a56c0266186cf5ada,2026-05-25 17:00:00,4,3,A301,completed
6a71f364566111f977809267,6a71f25a56c0266186cf5ada,2026-06-01 17:00:00,4,3,A301,completed
6a71f364566111f97780926a,6a71f25a56c0266186cf5ada,2026-06-08 17:00:00,4,3,A301,completed
6a71f364566111f97780926d,6a71f25a56c0266186cf5ada,2026-06-15 17:00:00,4,3,A301,completed
6a71f364566111f977809270,6a71f25a56c0266186cf5ada,2026-06-22 17:00:00,4,3,A301,completed
6a71f364566111f977809273,6a71f25a56c0266186cf5ada,2026-06-29 17:00:00,4,3,A301,completed
6a71f364566111f977809276,6a71f25a56c0266186cf5ada,2026-07-06 17:00:00,4,3,A301,completed
6a71f364566111f977809279,6a71f25a56c0266186cf5ada,2026-07-13 17:00:00,4,3,A301,completed
6a71f364566111f97780927c,6a71f25a56c0266186cf5ada,2026-07-20 17:00:00,4,3,A301,completed
6a71f364566111f97780927f,6a71f25a56c0266186cf5ada,2026-07-27 17:00:00,4,3,A301,completed
6a71f37b566111f977809928,6a71f25a56c0266186cf5ae0,2026-01-05 17:00:00,4,3,A302,completed
6a71f37b566111f97780992b,6a71f25a56c0266186cf5ae0,2026-01-12 17:00:00,4,3,A302,completed
6a71f37b566111f97780992e,6a71f25a56c0266186cf5ae0,2026-01-19 17:00:00,4,3,A302,completed
6a71f37b566111f977809931,6a71f25a56c0266186cf5ae0,2026-01-26 17:00:00,4,3,A302,completed
6a71f37b566111f977809934,6a71f25a56c0266186cf5ae0,2026-02-02 17:00:00,4,3,A302,completed
6a71f37b566111f977809937,6a71f25a56c0266186cf5ae0,2026-02-09 17:00:00,4,3,A302,completed
6a71f37b566111f97780993a,6a71f25a56c0266186cf5ae0,2026-02-16 17:00:00,4,3,A302,completed
6a71f37b566111f97780993d,6a71f25a56c0266186cf5ae0,2026-02-23 17:00:00,4,3,A302,completed
6a71f37b566111f977809940,6a71f25a56c0266186cf5ae0,2026-03-02 17:00:00,4,3,A302,completed
6a71f37b566111f977809943,6a71f25a56c0266186cf5ae0,2026-03-09 17:00:00,4,3,A302,completed
6a71f37b566111f977809946,6a71f25a56c0266186cf5ae0,2026-03-16 17:00:00,4,3,A302,completed
6a71f37b566111f977809949,6a71f25a56c0266186cf5ae0,2026-03-23 17:00:00,4,3,A302,completed
6a71f37b566111f97780994c,6a71f25a56c0266186cf5ae0,2026-03-30 17:00:00,4,3,A302,completed
6a71f37b566111f97780994f,6a71f25a56c0266186cf5ae0,2026-04-06 17:00:00,4,3,A302,completed
6a71f37b566111f977809952,6a71f25a56c0266186cf5ae0,2026-04-13 17:00:00,4,3,A302,completed
6a71f37b566111f977809955,6a71f25a56c0266186cf5ae0,2026-04-20 17:00:00,4,3,A302,completed
6a71f37b566111f977809958,6a71f25a56c0266186cf5ae0,2026-04-27 17:00:00,4,3,A302,completed
6a71f37b566111f97780995b,6a71f25a56c0266186cf5ae0,2026-05-04 17:00:00,4,3,A302,completed
6a71f37c566111f97780995e,6a71f25a56c0266186cf5ae0,2026-05-11 17:00:00,4,3,A302,completed
6a71f37c566111f977809961,6a71f25a56c0266186cf5ae0,2026-05-18 17:00:00,4,3,A302,completed
6a71f37c566111f977809964,6a71f25a56c0266186cf5ae0,2026-05-25 17:00:00,4,3,A302,completed
6a71f37c566111f977809967,6a71f25a56c0266186cf5ae0,2026-06-01 17:00:00,4,3,A302,completed
6a71f37c566111f97780996a,6a71f25a56c0266186cf5ae0,2026-06-08 17:00:00,4,3,A302,completed
6a71f37c566111f97780996d,6a71f25a56c0266186cf5ae0,2026-06-15 17:00:00,4,3,A302,completed
6a71f37c566111f977809970,6a71f25a56c0266186cf5ae0,2026-06-22 17:00:00,4,3,A302,completed
6a71f37c566111f977809973,6a71f25a56c0266186cf5ae0,2026-06-29 17:00:00,4,3,A302,completed
6a71f37c566111f977809976,6a71f25a56c0266186cf5ae0,2026-07-06 17:00:00,4,3,A302,completed
6a71f37c566111f977809979,6a71f25a56c0266186cf5ae0,2026-07-13 17:00:00,4,3,A302,completed
6a71f37c566111f97780997c,6a71f25a56c0266186cf5ae0,2026-07-20 17:00:00,4,3,A302,completed
6a71f37c566111f97780997f,6a71f25a56c0266186cf5ae0,2026-07-27 17:00:00,4,3,A302,completed
6a71f393566111f97780a041,6a71f25a56c0266186cf5ae6,2026-01-05 17:00:00,7,3,B201,completed
6a71f393566111f97780a044,6a71f25a56c0266186cf5ae6,2026-01-12 17:00:00,7,3,B201,completed
6a71f393566111f97780a047,6a71f25a56c0266186cf5ae6,2026-01-19 17:00:00,7,3,B201,completed
6a71f393566111f97780a04a,6a71f25a56c0266186cf5ae6,2026-01-26 17:00:00,7,3,B201,completed
6a71f393566111f97780a04d,6a71f25a56c0266186cf5ae6,2026-02-02 17:00:00,7,3,B201,completed
6a71f393566111f97780a050,6a71f25a56c0266186cf5ae6,2026-02-09 17:00:00,7,3,B201,completed
6a71f393566111f97780a053,6a71f25a56c0266186cf5ae6,2026-02-16 17:00:00,7,3,B201,completed
6a71f393566111f97780a056,6a71f25a56c0266186cf5ae6,2026-02-23 17:00:00,7,3,B201,completed
6a71f393566111f97780a059,6a71f25a56c0266186cf5ae6,2026-03-02 17:00:00,7,3,B201,completed
6a71f393566111f97780a05c,6a71f25a56c0266186cf5ae6,2026-03-09 17:00:00,7,3,B201,completed
6a71f393566111f97780a05f,6a71f25a56c0266186cf5ae6,2026-03-16 17:00:00,7,3,B201,completed
6a71f394566111f97780a062,6a71f25a56c0266186cf5ae6,2026-03-23 17:00:00,7,3,B201,completed
6a71f394566111f97780a065,6a71f25a56c0266186cf5ae6,2026-03-30 17:00:00,7,3,B201,completed
6a71f394566111f97780a068,6a71f25a56c0266186cf5ae6,2026-04-06 17:00:00,7,3,B201,completed
6a71f394566111f97780a06b,6a71f25a56c0266186cf5ae6,2026-04-13 17:00:00,7,3,B201,completed
6a71f394566111f97780a06e,6a71f25a56c0266186cf5ae6,2026-04-20 17:00:00,7,3,B201,completed
6a71f394566111f97780a071,6a71f25a56c0266186cf5ae6,2026-04-27 17:00:00,7,3,B201,completed
6a71f394566111f97780a074,6a71f25a56c0266186cf5ae6,2026-05-04 17:00:00,7,3,B201,completed
6a71f394566111f97780a077,6a71f25a56c0266186cf5ae6,2026-05-11 17:00:00,7,3,B201,completed
6a71f394566111f97780a07a,6a71f25a56c0266186cf5ae6,2026-05-18 17:00:00,7,3,B201,completed
6a71f394566111f97780a07d,6a71f25a56c0266186cf5ae6,2026-05-25 17:00:00,7,3,B201,completed
6a71f394566111f97780a080,6a71f25a56c0266186cf5ae6,2026-06-01 17:00:00,7,3,B201,completed
6a71f394566111f97780a083,6a71f25a56c0266186cf5ae6,2026-06-08 17:00:00,7,3,B201,completed
6a71f394566111f97780a086,6a71f25a56c0266186cf5ae6,2026-06-15 17:00:00,7,3,B201,completed
6a71f394566111f97780a089,6a71f25a56c0266186cf5ae6,2026-06-22 17:00:00,7,3,B201,completed
6a71f394566111f97780a08c,6a71f25a56c0266186cf5ae6,2026-06-29 17:00:00,7,3,B201,completed
6a71f394566111f97780a08f,6a71f25a56c0266186cf5ae6,2026-07-06 17:00:00,7,3,B201,completed
6a71f394566111f97780a092,6a71f25a56c0266186cf5ae6,2026-07-13 17:00:00,7,3,B201,completed
6a71f394566111f97780a095,6a71f25a56c0266186cf5ae6,2026-07-20 17:00:00,7,3,B201,completed
6a71f395566111f97780a098,6a71f25a56c0266186cf5ae6,2026-07-27 17:00:00,7,3,B201,completed
6a71f3c2566111f97780adbd,6a71f25a56c0266186cf5aec,2026-01-05 17:00:00,4,3,D401,completed
6a71f3c2566111f97780adc0,6a71f25a56c0266186cf5aec,2026-01-12 17:00:00,4,3,D401,completed
6a71f3c2566111f97780adc3,6a71f25a56c0266186cf5aec,2026-01-19 17:00:00,4,3,D401,completed
6a71f3c2566111f97780adc6,6a71f25a56c0266186cf5aec,2026-01-26 17:00:00,4,3,D401,completed
6a71f3c2566111f97780adc9,6a71f25a56c0266186cf5aec,2026-02-02 17:00:00,4,3,D401,completed
6a71f3c2566111f97780adcc,6a71f25a56c0266186cf5aec,2026-02-09 17:00:00,4,3,D401,completed
6a71f3c2566111f97780adcf,6a71f25a56c0266186cf5aec,2026-02-16 17:00:00,4,3,D401,completed
6a71f3c2566111f97780add2,6a71f25a56c0266186cf5aec,2026-02-23 17:00:00,4,3,D401,completed
6a71f3c2566111f97780add5,6a71f25a56c0266186cf5aec,2026-03-02 17:00:00,4,3,D401,completed
6a71f3c2566111f97780add8,6a71f25a56c0266186cf5aec,2026-03-09 17:00:00,4,3,D401,completed
6a71f3c3566111f97780addb,6a71f25a56c0266186cf5aec,2026-03-16 17:00:00,4,3,D401,completed
6a71f3c3566111f97780adde,6a71f25a56c0266186cf5aec,2026-03-23 17:00:00,4,3,D401,completed
6a71f3c3566111f97780ade1,6a71f25a56c0266186cf5aec,2026-03-30 17:00:00,4,3,D401,completed
6a71f3c3566111f97780ade4,6a71f25a56c0266186cf5aec,2026-04-06 17:00:00,4,3,D401,completed
6a71f3c3566111f97780ade7,6a71f25a56c0266186cf5aec,2026-04-13 17:00:00,4,3,D401,completed
6a71f3c3566111f97780adea,6a71f25a56c0266186cf5aec,2026-04-20 17:00:00,4,3,D401,completed
6a71f3c3566111f97780aded,6a71f25a56c0266186cf5aec,2026-04-27 17:00:00,4,3,D401,completed
6a71f3c3566111f97780adf0,6a71f25a56c0266186cf5aec,2026-05-04 17:00:00,4,3,D401,completed
6a71f3c3566111f97780adf3,6a71f25a56c0266186cf5aec,2026-05-11 17:00:00,4,3,D401,completed
6a71f3c3566111f97780adf6,6a71f25a56c0266186cf5aec,2026-05-18 17:00:00,4,3,D401,completed
6a71f3c3566111f97780adf9,6a71f25a56c0266186cf5aec,2026-05-25 17:00:00,4,3,D401,completed
6a71f3c3566111f97780adfc,6a71f25a56c0266186cf5aec,2026-06-01 17:00:00,4,3,D401,completed
6a71f3c3566111f97780adff,6a71f25a56c0266186cf5aec,2026-06-08 17:00:00,4,3,D401,completed
6a71f3c3566111f97780ae02,6a71f25a56c0266186cf5aec,2026-06-15 17:00:00,4,3,D401,completed
6a71f3c3566111f97780ae05,6a71f25a56c0266186cf5aec,2026-06-22 17:00:00,4,3,D401,completed
6a71f3c3566111f97780ae08,6a71f25a56c0266186cf5aec,2026-06-29 17:00:00,4,3,D401,completed
6a71f3c3566111f97780ae0b,6a71f25a56c0266186cf5aec,2026-07-06 17:00:00,4,3,D401,completed
6a71f3c3566111f97780ae0e,6a71f25a56c0266186cf5aec,2026-07-13 17:00:00,4,3,D401,completed
6a71f3c4566111f97780ae11,6a71f25a56c0266186cf5aec,2026-07-20 17:00:00,4,3,D401,completed
6a71f3c4566111f97780ae14,6a71f25a56c0266186cf5aec,2026-07-27 17:00:00,4,3,D401,completed
6a71f3ef566111f97780bbb1,6a71f25a56c0266186cf5af2,2026-01-05 17:00:00,1,3,C101,completed
6a71f3ef566111f97780bbb4,6a71f25a56c0266186cf5af2,2026-01-12 17:00:00,1,3,C101,completed
6a71f3f0566111f97780bbb7,6a71f25a56c0266186cf5af2,2026-01-19 17:00:00,1,3,C101,completed
6a71f3f0566111f97780bbba,6a71f25a56c0266186cf5af2,2026-01-26 17:00:00,1,3,C101,completed
6a71f3f0566111f97780bbbd,6a71f25a56c0266186cf5af2,2026-02-02 17:00:00,1,3,C101,completed
6a71f3f0566111f97780bbc0,6a71f25a56c0266186cf5af2,2026-02-09 17:00:00,1,3,C101,completed
6a71f3f0566111f97780bbc3,6a71f25a56c0266186cf5af2,2026-02-16 17:00:00,1,3,C101,completed
6a71f3f0566111f97780bbc6,6a71f25a56c0266186cf5af2,2026-02-23 17:00:00,1,3,C101,completed
6a71f3f0566111f97780bbc9,6a71f25a56c0266186cf5af2,2026-03-02 17:00:00,1,3,C101,completed
6a71f3f0566111f97780bbcc,6a71f25a56c0266186cf5af2,2026-03-09 17:00:00,1,3,C101,completed
6a71f3f0566111f97780bbcf,6a71f25a56c0266186cf5af2,2026-03-16 17:00:00,1,3,C101,completed
6a71f3f0566111f97780bbd2,6a71f25a56c0266186cf5af2,2026-03-23 17:00:00,1,3,C101,completed
6a71f3f0566111f97780bbd5,6a71f25a56c0266186cf5af2,2026-03-30 17:00:00,1,3,C101,completed
6a71f3f0566111f97780bbd8,6a71f25a56c0266186cf5af2,2026-04-06 17:00:00,1,3,C101,completed
6a71f3f0566111f97780bbdb,6a71f25a56c0266186cf5af2,2026-04-13 17:00:00,1,3,C101,completed
6a71f3f0566111f97780bbde,6a71f25a56c0266186cf5af2,2026-04-20 17:00:00,1,3,C101,completed
6a71f3f0566111f97780bbe1,6a71f25a56c0266186cf5af2,2026-04-27 17:00:00,1,3,C101,completed
6a71f3f0566111f97780bbe4,6a71f25a56c0266186cf5af2,2026-05-04 17:00:00,1,3,C101,completed
6a71f3f0566111f97780bbe7,6a71f25a56c0266186cf5af2,2026-05-11 17:00:00,1,3,C101,completed
6a71f3f0566111f97780bbea,6a71f25a56c0266186cf5af2,2026-05-18 17:00:00,1,3,C101,completed
6a71f3f0566111f97780bbed,6a71f25a56c0266186cf5af2,2026-05-25 17:00:00,1,3,C101,completed
6a71f3f1566111f97780bbf0,6a71f25a56c0266186cf5af2,2026-06-01 17:00:00,1,3,C101,completed
6a71f3f1566111f97780bbf3,6a71f25a56c0266186cf5af2,2026-06-08 17:00:00,1,3,C101,completed
6a71f3f1566111f97780bbf6,6a71f25a56c0266186cf5af2,2026-06-15 17:00:00,1,3,C101,completed
6a71f3f1566111f97780bbf9,6a71f25a56c0266186cf5af2,2026-06-22 17:00:00,1,3,C101,completed
6a71f3f1566111f97780bbfc,6a71f25a56c0266186cf5af2,2026-06-29 17:00:00,1,3,C101,completed
6a71f3f1566111f97780bbff,6a71f25a56c0266186cf5af2,2026-07-06 17:00:00,1,3,C101,completed
6a71f3f1566111f97780bc02,6a71f25a56c0266186cf5af2,2026-07-13 17:00:00,1,3,C101,completed
6a71f3f1566111f97780bc05,6a71f25a56c0266186cf5af2,2026-07-20 17:00:00,1,3,C101,completed
6a71f3f1566111f97780bc08,6a71f25a56c0266186cf5af2,2026-07-27 17:00:00,1,3,C101,completed
6a71f406566111f97780c29d,6a71f25a56c0266186cf5af8,2026-01-05 17:00:00,10,3,C201,completed
6a71f406566111f97780c2a0,6a71f25a56c0266186cf5af8,2026-01-12 17:00:00,10,3,C201,completed
6a71f407566111f97780c2a3,6a71f25a56c0266186cf5af8,2026-01-19 17:00:00,10,3,C201,completed
6a71f407566111f97780c2a6,6a71f25a56c0266186cf5af8,2026-01-26 17:00:00,10,3,C201,completed
6a71f407566111f97780c2a9,6a71f25a56c0266186cf5af8,2026-02-02 17:00:00,10,3,C201,completed
6a71f407566111f97780c2ac,6a71f25a56c0266186cf5af8,2026-02-09 17:00:00,10,3,C201,completed
6a71f407566111f97780c2af,6a71f25a56c0266186cf5af8,2026-02-16 17:00:00,10,3,C201,completed
6a71f407566111f97780c2b2,6a71f25a56c0266186cf5af8,2026-02-23 17:00:00,10,3,C201,completed
6a71f407566111f97780c2b5,6a71f25a56c0266186cf5af8,2026-03-02 17:00:00,10,3,C201,completed
6a71f407566111f97780c2b8,6a71f25a56c0266186cf5af8,2026-03-09 17:00:00,10,3,C201,completed
6a71f407566111f97780c2bb,6a71f25a56c0266186cf5af8,2026-03-16 17:00:00,10,3,C201,completed
6a71f407566111f97780c2be,6a71f25a56c0266186cf5af8,2026-03-23 17:00:00,10,3,C201,completed
6a71f407566111f97780c2c1,6a71f25a56c0266186cf5af8,2026-03-30 17:00:00,10,3,C201,completed
6a71f407566111f97780c2c4,6a71f25a56c0266186cf5af8,2026-04-06 17:00:00,10,3,C201,completed
6a71f407566111f97780c2c7,6a71f25a56c0266186cf5af8,2026-04-13 17:00:00,10,3,C201,completed
6a71f407566111f97780c2ca,6a71f25a56c0266186cf5af8,2026-04-20 17:00:00,10,3,C201,completed
6a71f407566111f97780c2cd,6a71f25a56c0266186cf5af8,2026-04-27 17:00:00,10,3,C201,completed
6a71f407566111f97780c2d0,6a71f25a56c0266186cf5af8,2026-05-04 17:00:00,10,3,C201,completed
6a71f407566111f97780c2d3,6a71f25a56c0266186cf5af8,2026-05-11 17:00:00,10,3,C201,completed
6a71f407566111f97780c2d6,6a71f25a56c0266186cf5af8,2026-05-18 17:00:00,10,3,C201,completed
6a71f408566111f97780c2d9,6a71f25a56c0266186cf5af8,2026-05-25 17:00:00,10,3,C201,completed
6a71f408566111f97780c2dc,6a71f25a56c0266186cf5af8,2026-06-01 17:00:00,10,3,C201,completed
6a71f408566111f97780c2df,6a71f25a56c0266186cf5af8,2026-06-08 17:00:00,10,3,C201,completed
6a71f408566111f97780c2e2,6a71f25a56c0266186cf5af8,2026-06-15 17:00:00,10,3,C201,completed
6a71f408566111f97780c2e5,6a71f25a56c0266186cf5af8,2026-06-22 17:00:00,10,3,C201,completed
6a71f408566111f97780c2e8,6a71f25a56c0266186cf5af8,2026-06-29 17:00:00,10,3,C201,completed
6a71f408566111f97780c2eb,6a71f25a56c0266186cf5af8,2026-07-06 17:00:00,10,3,C201,completed
6a71f408566111f97780c2ee,6a71f25a56c0266186cf5af8,2026-07-13 17:00:00,10,3,C201,completed
6a71f408566111f97780c2f1,6a71f25a56c0266186cf5af8,2026-07-20 17:00:00,10,3,C201,completed
6a71f408566111f97780c2f4,6a71f25a56c0266186cf5af8,2026-07-27 17:00:00,10,3,C201,completed
6a71f436566111f97780d041,6a71f25a56c0266186cf5afe,2026-01-05 17:00:00,7,4,LAB01,completed
6a71f436566111f97780d044,6a71f25a56c0266186cf5afe,2026-01-12 17:00:00,7,4,LAB01,completed
6a71f436566111f97780d047,6a71f25a56c0266186cf5afe,2026-01-19 17:00:00,7,4,LAB01,completed
6a71f436566111f97780d04a,6a71f25a56c0266186cf5afe,2026-01-26 17:00:00,7,4,LAB01,completed
6a71f436566111f97780d04d,6a71f25a56c0266186cf5afe,2026-02-02 17:00:00,7,4,LAB01,completed
6a71f436566111f97780d050,6a71f25a56c0266186cf5afe,2026-02-09 17:00:00,7,4,LAB01,completed
6a71f436566111f97780d053,6a71f25a56c0266186cf5afe,2026-02-16 17:00:00,7,4,LAB01,completed
6a71f436566111f97780d056,6a71f25a56c0266186cf5afe,2026-02-23 17:00:00,7,4,LAB01,completed
6a71f436566111f97780d059,6a71f25a56c0266186cf5afe,2026-03-02 17:00:00,7,4,LAB01,completed
6a71f436566111f97780d05c,6a71f25a56c0266186cf5afe,2026-03-09 17:00:00,7,4,LAB01,completed
6a71f436566111f97780d05f,6a71f25a56c0266186cf5afe,2026-03-16 17:00:00,7,4,LAB01,completed
6a71f436566111f97780d062,6a71f25a56c0266186cf5afe,2026-03-23 17:00:00,7,4,LAB01,completed
6a71f436566111f97780d065,6a71f25a56c0266186cf5afe,2026-03-30 17:00:00,7,4,LAB01,completed
6a71f436566111f97780d068,6a71f25a56c0266186cf5afe,2026-04-06 17:00:00,7,4,LAB01,completed
6a71f436566111f97780d06b,6a71f25a56c0266186cf5afe,2026-04-13 17:00:00,7,4,LAB01,completed
6a71f436566111f97780d06e,6a71f25a56c0266186cf5afe,2026-04-20 17:00:00,7,4,LAB01,completed
6a71f436566111f97780d071,6a71f25a56c0266186cf5afe,2026-04-27 17:00:00,7,4,LAB01,completed
6a71f436566111f97780d074,6a71f25a56c0266186cf5afe,2026-05-04 17:00:00,7,4,LAB01,completed
6a71f437566111f97780d077,6a71f25a56c0266186cf5afe,2026-05-11 17:00:00,7,4,LAB01,completed
6a71f437566111f97780d07a,6a71f25a56c0266186cf5afe,2026-05-18 17:00:00,7,4,LAB01,completed
6a71f437566111f97780d07d,6a71f25a56c0266186cf5afe,2026-05-25 17:00:00,7,4,LAB01,completed
6a71f437566111f97780d080,6a71f25a56c0266186cf5afe,2026-06-01 17:00:00,7,4,LAB01,completed
6a71f437566111f97780d083,6a71f25a56c0266186cf5afe,2026-06-08 17:00:00,7,4,LAB01,completed
6a71f437566111f97780d086,6a71f25a56c0266186cf5afe,2026-06-15 17:00:00,7,4,LAB01,completed
6a71f437566111f97780d089,6a71f25a56c0266186cf5afe,2026-06-22 17:00:00,7,4,LAB01,completed
6a71f437566111f97780d08c,6a71f25a56c0266186cf5afe,2026-06-29 17:00:00,7,4,LAB01,completed
6a71f437566111f97780d08f,6a71f25a56c0266186cf5afe,2026-07-06 17:00:00,7,4,LAB01,completed
6a71f437566111f97780d092,6a71f25a56c0266186cf5afe,2026-07-13 17:00:00,7,4,LAB01,completed
6a71f437566111f97780d095,6a71f25a56c0266186cf5afe,2026-07-20 17:00:00,7,4,LAB01,completed
6a71f437566111f97780d098,6a71f25a56c0266186cf5afe,2026-07-27 17:00:00,7,4,LAB01,completed
6a71f44f566111f97780d778,6a71f25a56c0266186cf5b04,2026-01-05 17:00:00,1,3,A301,completed
6a71f44f566111f97780d77b,6a71f25a56c0266186cf5b04,2026-01-12 17:00:00,1,3,A301,completed
6a71f44f566111f97780d77e,6a71f25a56c0266186cf5b04,2026-01-19 17:00:00,1,3,A301,completed
6a71f44f566111f97780d781,6a71f25a56c0266186cf5b04,2026-01-26 17:00:00,1,3,A301,completed
6a71f44f566111f97780d784,6a71f25a56c0266186cf5b04,2026-02-02 17:00:00,1,3,A301,completed
6a71f44f566111f97780d787,6a71f25a56c0266186cf5b04,2026-02-09 17:00:00,1,3,A301,completed
6a71f44f566111f97780d78a,6a71f25a56c0266186cf5b04,2026-02-16 17:00:00,1,3,A301,completed
6a71f44f566111f97780d78d,6a71f25a56c0266186cf5b04,2026-02-23 17:00:00,1,3,A301,completed
6a71f450566111f97780d790,6a71f25a56c0266186cf5b04,2026-03-02 17:00:00,1,3,A301,completed
6a71f450566111f97780d793,6a71f25a56c0266186cf5b04,2026-03-09 17:00:00,1,3,A301,completed
6a71f450566111f97780d796,6a71f25a56c0266186cf5b04,2026-03-16 17:00:00,1,3,A301,completed
6a71f450566111f97780d799,6a71f25a56c0266186cf5b04,2026-03-23 17:00:00,1,3,A301,completed
6a71f450566111f97780d79c,6a71f25a56c0266186cf5b04,2026-03-30 17:00:00,1,3,A301,completed
6a71f450566111f97780d79f,6a71f25a56c0266186cf5b04,2026-04-06 17:00:00,1,3,A301,completed
6a71f450566111f97780d7a2,6a71f25a56c0266186cf5b04,2026-04-13 17:00:00,1,3,A301,completed
6a71f450566111f97780d7a5,6a71f25a56c0266186cf5b04,2026-04-20 17:00:00,1,3,A301,completed
6a71f450566111f97780d7a8,6a71f25a56c0266186cf5b04,2026-04-27 17:00:00,1,3,A301,completed
6a71f450566111f97780d7ab,6a71f25a56c0266186cf5b04,2026-05-04 17:00:00,1,3,A301,completed
6a71f450566111f97780d7ae,6a71f25a56c0266186cf5b04,2026-05-11 17:00:00,1,3,A301,completed
6a71f450566111f97780d7b1,6a71f25a56c0266186cf5b04,2026-05-18 17:00:00,1,3,A301,completed
6a71f450566111f97780d7b4,6a71f25a56c0266186cf5b04,2026-05-25 17:00:00,1,3,A301,completed
6a71f450566111f97780d7b7,6a71f25a56c0266186cf5b04,2026-06-01 17:00:00,1,3,A301,completed
6a71f450566111f97780d7ba,6a71f25a56c0266186cf5b04,2026-06-08 17:00:00,1,3,A301,completed
6a71f450566111f97780d7bd,6a71f25a56c0266186cf5b04,2026-06-15 17:00:00,1,3,A301,completed
6a71f450566111f97780d7c0,6a71f25a56c0266186cf5b04,2026-06-22 17:00:00,1,3,A301,completed
6a71f450566111f97780d7c3,6a71f25a56c0266186cf5b04,2026-06-29 17:00:00,1,3,A301,completed
6a71f451566111f97780d7c6,6a71f25a56c0266186cf5b04,2026-07-06 17:00:00,1,3,A301,completed
6a71f451566111f97780d7c9,6a71f25a56c0266186cf5b04,2026-07-13 17:00:00,1,3,A301,completed
6a71f451566111f97780d7cc,6a71f25a56c0266186cf5b04,2026-07-20 17:00:00,1,3,A301,completed
6a71f451566111f97780d7cf,6a71f25a56c0266186cf5b04,2026-07-27 17:00:00,1,3,A301,completed
6a71f47e566111f97780e535,6a71f25a56c0266186cf5b0a,2026-01-05 17:00:00,1,4,LAB02,completed
6a71f47e566111f97780e538,6a71f25a56c0266186cf5b0a,2026-01-12 17:00:00,1,4,LAB02,completed
6a71f47e566111f97780e53b,6a71f25a56c0266186cf5b0a,2026-01-19 17:00:00,1,4,LAB02,completed
6a71f47e566111f97780e53e,6a71f25a56c0266186cf5b0a,2026-01-26 17:00:00,1,4,LAB02,completed
6a71f47e566111f97780e541,6a71f25a56c0266186cf5b0a,2026-02-02 17:00:00,1,4,LAB02,completed
6a71f47e566111f97780e544,6a71f25a56c0266186cf5b0a,2026-02-09 17:00:00,1,4,LAB02,completed
6a71f47e566111f97780e547,6a71f25a56c0266186cf5b0a,2026-02-16 17:00:00,1,4,LAB02,completed
6a71f47e566111f97780e54a,6a71f25a56c0266186cf5b0a,2026-02-23 17:00:00,1,4,LAB02,completed
6a71f47e566111f97780e54d,6a71f25a56c0266186cf5b0a,2026-03-02 17:00:00,1,4,LAB02,completed
6a71f47e566111f97780e550,6a71f25a56c0266186cf5b0a,2026-03-09 17:00:00,1,4,LAB02,completed
6a71f47e566111f97780e553,6a71f25a56c0266186cf5b0a,2026-03-16 17:00:00,1,4,LAB02,completed
6a71f47e566111f97780e556,6a71f25a56c0266186cf5b0a,2026-03-23 17:00:00,1,4,LAB02,completed
6a71f47e566111f97780e559,6a71f25a56c0266186cf5b0a,2026-03-30 17:00:00,1,4,LAB02,completed
6a71f47e566111f97780e55c,6a71f25a56c0266186cf5b0a,2026-04-06 17:00:00,1,4,LAB02,completed
6a71f47e566111f97780e55f,6a71f25a56c0266186cf5b0a,2026-04-13 17:00:00,1,4,LAB02,completed
6a71f47e566111f97780e562,6a71f25a56c0266186cf5b0a,2026-04-20 17:00:00,1,4,LAB02,completed
6a71f47f566111f97780e565,6a71f25a56c0266186cf5b0a,2026-04-27 17:00:00,1,4,LAB02,completed
6a71f47f566111f97780e568,6a71f25a56c0266186cf5b0a,2026-05-04 17:00:00,1,4,LAB02,completed
6a71f47f566111f97780e56b,6a71f25a56c0266186cf5b0a,2026-05-11 17:00:00,1,4,LAB02,completed
6a71f47f566111f97780e56e,6a71f25a56c0266186cf5b0a,2026-05-18 17:00:00,1,4,LAB02,completed
6a71f47f566111f97780e571,6a71f25a56c0266186cf5b0a,2026-05-25 17:00:00,1,4,LAB02,completed
6a71f47f566111f97780e574,6a71f25a56c0266186cf5b0a,2026-06-01 17:00:00,1,4,LAB02,completed
6a71f47f566111f97780e577,6a71f25a56c0266186cf5b0a,2026-06-08 17:00:00,1,4,LAB02,completed
6a71f47f566111f97780e57a,6a71f25a56c0266186cf5b0a,2026-06-15 17:00:00,1,4,LAB02,completed
6a71f47f566111f97780e57d,6a71f25a56c0266186cf5b0a,2026-06-22 17:00:00,1,4,LAB02,completed
6a71f47f566111f97780e580,6a71f25a56c0266186cf5b0a,2026-06-29 17:00:00,1,4,LAB02,completed
6a71f47f566111f97780e583,6a71f25a56c0266186cf5b0a,2026-07-06 17:00:00,1,4,LAB02,completed
6a71f47f566111f97780e586,6a71f25a56c0266186cf5b0a,2026-07-13 17:00:00,1,4,LAB02,completed
6a71f47f566111f97780e589,6a71f25a56c0266186cf5b0a,2026-07-20 17:00:00,1,4,LAB02,completed
6a71f47f566111f97780e58c,6a71f25a56c0266186cf5b0a,2026-07-27 17:00:00,1,4,LAB02,completed
6a749bd2f6ccb57abf5e5db1,6a749bcdf6ccb57abf5e5d08,2026-08-05 17:00:00,1,10,ONLINE-24H,scheduled
6a74b1070f9652431af301d9,6a71f25956c0266186cf5ab6,2026-07-22 17:00:00,1,3,A101,completed
6a74b10c0f9652431af3027f,6a71f25956c0266186cf5abc,2026-07-22 17:00:00,1,3,A102,completed
6a74b1120f9652431af30325,6a71f25956c0266186cf5ac2,2026-07-22 17:00:00,1,3,D101,completed
6a74b1180f9652431af303cb,6a71f25956c0266186cf5ac8,2026-07-22 17:00:00,4,3,D201,completed
6a74b11d0f9652431af30471,6a71f25956c0266186cf5ace,2026-07-22 17:00:00,4,2,E101,completed
6a74b1220f9652431af30517,6a71f25a56c0266186cf5ad4,2026-07-22 17:00:00,7,2,E102,completed
6a74b1280f9652431af305bd,6a71f25a56c0266186cf5ada,2026-07-22 17:00:00,4,3,A301,completed
6a74b12d0f9652431af30663,6a71f25a56c0266186cf5ae0,2026-07-22 17:00:00,4,3,A302,completed
6a74b1320f9652431af30709,6a71f25a56c0266186cf5ae6,2026-07-22 17:00:00,7,3,B201,completed
6a74b1380f9652431af307af,6a71f25a56c0266186cf5aec,2026-07-22 17:00:00,4,3,D401,completed
6a74b13d0f9652431af30855,6a71f25a56c0266186cf5af2,2026-07-22 17:00:00,1,3,C101,completed
6a74b1420f9652431af308fb,6a71f25a56c0266186cf5af8,2026-07-22 17:00:00,10,3,C201,completed
6a74b1480f9652431af309a1,6a71f25a56c0266186cf5afe,2026-07-22 17:00:00,7,4,LAB01,completed
6a74b14d0f9652431af30a47,6a71f25a56c0266186cf5b04,2026-07-22 17:00:00,1,3,A301,completed
6a74b1520f9652431af30aed,6a71f25a56c0266186cf5b0a,2026-07-22 17:00:00,1,4,LAB02,completed
6a74b1580f9652431af30b93,6a749bcdf6ccb57abf5e5d08,2026-07-22 17:00:00,1,10,LAB-24H,completed
6a74b15d0f9652431af30c39,6a71f25956c0266186cf5ab6,2026-07-23 17:00:00,1,3,A101,completed
6a74b1650f9652431af30cdf,6a71f25956c0266186cf5abc,2026-07-23 17:00:00,1,3,A102,completed
6a74b16a0f9652431af30d85,6a71f25956c0266186cf5ac2,2026-07-23 17:00:00,1,3,D101,completed
6a74b1700f9652431af30e2b,6a71f25956c0266186cf5ac8,2026-07-23 17:00:00,4,3,D201,completed
6a74b1750f9652431af30ed1,6a71f25956c0266186cf5ace,2026-07-23 17:00:00,4,2,E101,completed
6a74b17a0f9652431af30f77,6a71f25a56c0266186cf5ad4,2026-07-23 17:00:00,7,2,E102,completed
6a74b1800f9652431af3101d,6a71f25a56c0266186cf5ada,2026-07-23 17:00:00,4,3,A301,completed
6a74b1850f9652431af310c3,6a71f25a56c0266186cf5ae0,2026-07-23 17:00:00,4,3,A302,completed
6a74b19515003d9820b4c7b6,6a71f25a56c0266186cf5af2,2026-07-23 17:00:00,1,3,C101,completed
6a74b19515003d9820b4c7bd,6a71f25956c0266186cf5abc,2026-07-24 17:00:00,1,3,A102,completed
6a74b19515003d9820b4c7ca,6a71f25a56c0266186cf5b0a,2026-07-24 17:00:00,1,4,LAB02,completed
6a74b19515003d9820b4c7cc,6a71f25956c0266186cf5ab6,2026-07-25 17:00:00,1,3,A101,completed
6a74b19515003d9820b4c7d2,6a71f25a56c0266186cf5ada,2026-07-25 17:00:00,4,3,A301,completed
6a74b19515003d9820b4c7d5,6a71f25a56c0266186cf5aec,2026-07-25 17:00:00,4,3,D401,completed
6a74b19515003d9820b4c7d6,6a71f25a56c0266186cf5af2,2026-07-25 17:00:00,1,3,C101,completed
6a74b19515003d9820b4c7d9,6a71f25a56c0266186cf5b04,2026-07-25 17:00:00,1,3,A301,completed
6a74b19515003d9820b4c7e1,6a71f25a56c0266186cf5ad4,2026-07-26 17:00:00,7,2,E102,completed
6a74b19515003d9820b4c7e3,6a71f25a56c0266186cf5ae0,2026-07-26 17:00:00,4,3,A302,completed
6a74b19515003d9820b4c7e7,6a71f25a56c0266186cf5af8,2026-07-26 17:00:00,10,3,C201,completed
6a74b19515003d9820b4c7f1,6a71f25956c0266186cf5ace,2026-07-28 17:00:00,4,2,E101,completed
6a74b19515003d9820b4c7f4,6a71f25a56c0266186cf5ae0,2026-07-28 17:00:00,4,3,A302,completed
6a74b19515003d9820b4c7f5,6a71f25a56c0266186cf5ae6,2026-07-28 17:00:00,7,3,B201,completed
6a74b19515003d9820b4c7f7,6a71f25a56c0266186cf5af2,2026-07-28 17:00:00,1,3,C101,completed
6a74b19515003d9820b4c7fc,6a749bcdf6ccb57abf5e5d08,2026-07-28 17:00:00,1,10,LAB-24H,completed
6a74b19515003d9820b4c7ff,6a71f25956c0266186cf5ac2,2026-07-29 17:00:00,1,3,D101,completed
6a74b19515003d9820b4c800,6a71f25956c0266186cf5ac8,2026-07-29 17:00:00,4,3,D201,completed
6a74b19515003d9820b4c801,6a71f25956c0266186cf5ace,2026-07-29 17:00:00,4,2,E101,completed
6a74b19515003d9820b4c802,6a71f25a56c0266186cf5ad4,2026-07-29 17:00:00,7,2,E102,completed
6a74b19515003d9820b4c804,6a71f25a56c0266186cf5ae0,2026-07-29 17:00:00,4,3,A302,completed
6a74b19515003d9820b4c807,6a71f25a56c0266186cf5af2,2026-07-29 17:00:00,1,3,C101,completed
6a74b19515003d9820b4c808,6a71f25a56c0266186cf5af8,2026-07-29 17:00:00,10,3,C201,completed
6a74b19515003d9820b4c80b,6a71f25a56c0266186cf5b0a,2026-07-29 17:00:00,1,4,LAB02,completed
6a74b19515003d9820b4c80c,6a749bcdf6ccb57abf5e5d08,2026-07-29 17:00:00,1,10,LAB-24H,completed
6a74b19515003d9820b4c812,6a71f25a56c0266186cf5ad4,2026-07-30 17:00:00,7,2,E102,completed
6a74b19515003d9820b4c816,6a71f25a56c0266186cf5aec,2026-07-30 17:00:00,4,3,D401,completed
6a74b19515003d9820b4c818,6a71f25a56c0266186cf5af8,2026-07-30 17:00:00,10,3,C201,completed
6a74b19515003d9820b4c81a,6a71f25a56c0266186cf5b04,2026-07-30 17:00:00,1,3,A301,completed
6a74b19515003d9820b4c820,6a71f25956c0266186cf5ac8,2026-07-31 17:00:00,4,3,D201,completed
6a74b19515003d9820b4c824,6a71f25a56c0266186cf5ae0,2026-07-31 17:00:00,4,3,A302,completed
6a74b19515003d9820b4c827,6a71f25a56c0266186cf5af2,2026-07-31 17:00:00,1,3,C101,completed
6a74b19515003d9820b4c830,6a71f25956c0266186cf5ac8,2026-08-01 17:00:00,4,3,D201,completed
6a74b19515003d9820b4c833,6a71f25a56c0266186cf5ada,2026-08-01 17:00:00,4,3,A301,completed
6a74b19515003d9820b4c83b,6a71f25a56c0266186cf5b0a,2026-08-01 17:00:00,1,4,LAB02,completed
6a74b19515003d9820b4c844,6a71f25a56c0266186cf5ae0,2026-08-02 17:00:00,4,3,A302,completed
6a74b19515003d9820b4c847,6a71f25a56c0266186cf5af2,2026-08-02 17:00:00,1,3,C101,completed
6a74b19515003d9820b4c848,6a71f25a56c0266186cf5af8,2026-08-02 17:00:00,10,3,C201,completed
6a74b19515003d9820b4c84b,6a71f25a56c0266186cf5b0a,2026-08-02 17:00:00,1,4,LAB02,completed
6a74b19515003d9820b4c84d,6a71f25956c0266186cf5ab6,2026-08-03 17:00:00,1,3,A101,completed
6a74b19515003d9820b4c852,6a71f25a56c0266186cf5ad4,2026-08-03 17:00:00,7,2,E102,completed
6a74b19515003d9820b4c855,6a71f25a56c0266186cf5ae6,2026-08-03 17:00:00,7,3,B201,completed
6a74b19515003d9820b4c856,6a71f25a56c0266186cf5aec,2026-08-03 17:00:00,4,3,D401,completed
6a74b19515003d9820b4c857,6a71f25a56c0266186cf5af2,2026-08-03 17:00:00,1,3,C101,completed
6a74b19515003d9820b4c85a,6a71f25a56c0266186cf5b04,2026-08-03 17:00:00,1,3,A301,completed
6a74b19515003d9820b4c85c,6a749bcdf6ccb57abf5e5d08,2026-08-03 17:00:00,1,10,LAB-24H,completed
6a74b19515003d9820b4c85e,6a71f25956c0266186cf5abc,2026-08-04 17:00:00,1,3,A102,completed
6a74b19515003d9820b4c85f,6a71f25956c0266186cf5ac2,2026-08-04 17:00:00,1,3,D101,completed
6a74b19515003d9820b4c860,6a71f25956c0266186cf5ac8,2026-08-04 17:00:00,4,3,D201,completed
6a74b19515003d9820b4c861,6a71f25956c0266186cf5ace,2026-08-04 17:00:00,4,2,E101,completed
6a74b19515003d9820b4c863,6a71f25a56c0266186cf5ada,2026-08-04 17:00:00,4,3,A301,completed
6a74b19515003d9820b4c868,6a71f25a56c0266186cf5af8,2026-08-04 17:00:00,10,3,C201,completed
6a74b19515003d9820b4c86a,6a71f25a56c0266186cf5b04,2026-08-04 17:00:00,1,3,A301,completed
6a74b19515003d9820b4c86c,6a749bcdf6ccb57abf5e5d08,2026-08-04 17:00:00,1,10,LAB-24H,completed
6a74b19515003d9820b4c7b8,6a71f25a56c0266186cf5afe,2026-07-23 17:00:00,7,4,LAB01,completed
6a74b19515003d9820b4c7ba,6a71f25a56c0266186cf5b0a,2026-07-23 17:00:00,1,4,LAB02,completed
6a74b19515003d9820b4c7bf,6a71f25956c0266186cf5ac8,2026-07-24 17:00:00,4,3,D201,completed
6a74b19515003d9820b4c7c4,6a71f25a56c0266186cf5ae6,2026-07-24 17:00:00,7,3,B201,completed
6a74b19515003d9820b4c7c6,6a71f25a56c0266186cf5af2,2026-07-24 17:00:00,1,3,C101,completed
6a74b19515003d9820b4c7c9,6a71f25a56c0266186cf5b04,2026-07-24 17:00:00,1,3,A301,completed
6a74b19515003d9820b4c7cd,6a71f25956c0266186cf5abc,2026-07-25 17:00:00,1,3,A102,completed
6a74b19515003d9820b4c7ce,6a71f25956c0266186cf5ac2,2026-07-25 17:00:00,1,3,D101,completed
6a74b19515003d9820b4c7cf,6a71f25956c0266186cf5ac8,2026-07-25 17:00:00,4,3,D201,completed
6a74b19515003d9820b4c7d1,6a71f25a56c0266186cf5ad4,2026-07-25 17:00:00,7,2,E102,completed
6a74b19515003d9820b4c7d3,6a71f25a56c0266186cf5ae0,2026-07-25 17:00:00,4,3,A302,completed
6a74b19515003d9820b4c7d4,6a71f25a56c0266186cf5ae6,2026-07-25 17:00:00,7,3,B201,completed
6a74b19515003d9820b4c7d7,6a71f25a56c0266186cf5af8,2026-07-25 17:00:00,10,3,C201,completed
6a74b19515003d9820b4c7db,6a749bcdf6ccb57abf5e5d08,2026-07-25 17:00:00,1,10,LAB-24H,completed
6a74b19515003d9820b4c7dc,6a71f25956c0266186cf5ab6,2026-07-26 17:00:00,1,3,A101,completed
6a74b19515003d9820b4c7df,6a71f25956c0266186cf5ac8,2026-07-26 17:00:00,4,3,D201,completed
6a74b19515003d9820b4c7e2,6a71f25a56c0266186cf5ada,2026-07-26 17:00:00,4,3,A301,completed
6a74b19515003d9820b4c7e6,6a71f25a56c0266186cf5af2,2026-07-26 17:00:00,1,3,C101,completed
6a74b19515003d9820b4c7e9,6a71f25a56c0266186cf5b04,2026-07-26 17:00:00,1,3,A301,completed
6a74b19515003d9820b4c7ea,6a71f25a56c0266186cf5b0a,2026-07-26 17:00:00,1,4,LAB02,completed
6a74b19515003d9820b4c7f2,6a71f25a56c0266186cf5ad4,2026-07-28 17:00:00,7,2,E102,completed
6a74b19515003d9820b4c7f3,6a71f25a56c0266186cf5ada,2026-07-28 17:00:00,4,3,A301,completed
6a74b19515003d9820b4c7fb,6a71f25a56c0266186cf5b0a,2026-07-28 17:00:00,1,4,LAB02,completed
6a74b19515003d9820b4c7fd,6a71f25956c0266186cf5ab6,2026-07-29 17:00:00,1,3,A101,completed
6a74b19515003d9820b4c7fe,6a71f25956c0266186cf5abc,2026-07-29 17:00:00,1,3,A102,completed
6a74b19515003d9820b4c809,6a71f25a56c0266186cf5afe,2026-07-29 17:00:00,7,4,LAB01,completed
6a74b19515003d9820b4c80d,6a71f25956c0266186cf5ab6,2026-07-30 17:00:00,1,3,A101,completed
6a74b19515003d9820b4c80f,6a71f25956c0266186cf5ac2,2026-07-30 17:00:00,1,3,D101,completed
6a74b19515003d9820b4c817,6a71f25a56c0266186cf5af2,2026-07-30 17:00:00,1,3,C101,completed
6a74b19515003d9820b4c81b,6a71f25a56c0266186cf5b0a,2026-07-30 17:00:00,1,4,LAB02,completed
6a74b19515003d9820b4c81d,6a71f25956c0266186cf5ab6,2026-07-31 17:00:00,1,3,A101,completed
6a74b19515003d9820b4c81e,6a71f25956c0266186cf5abc,2026-07-31 17:00:00,1,3,A102,completed
6a74b19515003d9820b4c81f,6a71f25956c0266186cf5ac2,2026-07-31 17:00:00,1,3,D101,completed
6a74b19515003d9820b4c823,6a71f25a56c0266186cf5ada,2026-07-31 17:00:00,4,3,A301,completed
6a74b19515003d9820b4c828,6a71f25a56c0266186cf5af8,2026-07-31 17:00:00,10,3,C201,completed
6a74b19515003d9820b4c829,6a71f25a56c0266186cf5afe,2026-07-31 17:00:00,7,4,LAB01,completed
6a74b19515003d9820b4c82d,6a71f25956c0266186cf5ab6,2026-08-01 17:00:00,1,3,A101,completed
6a74b19515003d9820b4c82f,6a71f25956c0266186cf5ac2,2026-08-01 17:00:00,1,3,D101,completed
6a74b19515003d9820b4c831,6a71f25956c0266186cf5ace,2026-08-01 17:00:00,4,2,E101,completed
6a74b19515003d9820b4c83a,6a71f25a56c0266186cf5b04,2026-08-01 17:00:00,1,3,A301,completed
6a74b19515003d9820b4c83c,6a749bcdf6ccb57abf5e5d08,2026-08-01 17:00:00,1,10,LAB-24H,completed
6a74b19515003d9820b4c841,6a71f25956c0266186cf5ace,2026-08-02 17:00:00,4,2,E101,completed
6a74b19515003d9820b4c843,6a71f25a56c0266186cf5ada,2026-08-02 17:00:00,4,3,A301,completed
6a74b19515003d9820b4c846,6a71f25a56c0266186cf5aec,2026-08-02 17:00:00,4,3,D401,completed
6a74b19515003d9820b4c84a,6a71f25a56c0266186cf5b04,2026-08-02 17:00:00,1,3,A301,completed
6a74b19515003d9820b4c84c,6a749bcdf6ccb57abf5e5d08,2026-08-02 17:00:00,1,10,LAB-24H,completed
6a74b19515003d9820b4c850,6a71f25956c0266186cf5ac8,2026-08-03 17:00:00,4,3,D201,completed
6a74b19515003d9820b4c851,6a71f25956c0266186cf5ace,2026-08-03 17:00:00,4,2,E101,completed
6a74b19515003d9820b4c858,6a71f25a56c0266186cf5af8,2026-08-03 17:00:00,10,3,C201,completed
6a74b19515003d9820b4c85d,6a71f25956c0266186cf5ab6,2026-08-04 17:00:00,1,3,A101,completed
6a74b19515003d9820b4c864,6a71f25a56c0266186cf5ae0,2026-08-04 17:00:00,4,3,A302,completed
6a74b19515003d9820b4c865,6a71f25a56c0266186cf5ae6,2026-08-04 17:00:00,7,3,B201,completed
6a74b19515003d9820b4c86b,6a71f25a56c0266186cf5b0a,2026-08-04 17:00:00,1,4,LAB02,completed
6a74b19515003d9820b4c7b5,6a71f25a56c0266186cf5aec,2026-07-23 17:00:00,4,3,D401,completed
6a74b19515003d9820b4c7b7,6a71f25a56c0266186cf5af8,2026-07-23 17:00:00,10,3,C201,completed
6a74b19515003d9820b4c7b9,6a71f25a56c0266186cf5b04,2026-07-23 17:00:00,1,3,A301,completed
6a74b19515003d9820b4c7bb,6a749bcdf6ccb57abf5e5d08,2026-07-23 17:00:00,1,10,LAB-24H,completed
6a74b19515003d9820b4c7bc,6a71f25956c0266186cf5ab6,2026-07-24 17:00:00,1,3,A101,completed
6a74b19515003d9820b4c7c5,6a71f25a56c0266186cf5aec,2026-07-24 17:00:00,4,3,D401,completed
6a74b19515003d9820b4c7c7,6a71f25a56c0266186cf5af8,2026-07-24 17:00:00,10,3,C201,completed
6a74b19515003d9820b4c7c8,6a71f25a56c0266186cf5afe,2026-07-24 17:00:00,7,4,LAB01,completed
6a74b19515003d9820b4c7cb,6a749bcdf6ccb57abf5e5d08,2026-07-24 17:00:00,1,10,LAB-24H,completed
6a74b19515003d9820b4c7d0,6a71f25956c0266186cf5ace,2026-07-25 17:00:00,4,2,E101,completed
6a74b19515003d9820b4c7da,6a71f25a56c0266186cf5b0a,2026-07-25 17:00:00,1,4,LAB02,completed
6a74b19515003d9820b4c7dd,6a71f25956c0266186cf5abc,2026-07-26 17:00:00,1,3,A102,completed
6a74b19515003d9820b4c7e0,6a71f25956c0266186cf5ace,2026-07-26 17:00:00,4,2,E101,completed
6a74b19515003d9820b4c7e8,6a71f25a56c0266186cf5afe,2026-07-26 17:00:00,7,4,LAB01,completed
6a74b19515003d9820b4c7ec,6a749bcdf6ccb57abf5e5d08,2026-07-27 17:00:00,1,10,LAB-24H,completed
6a74b19515003d9820b4c7ed,6a71f25956c0266186cf5ab6,2026-07-28 17:00:00,1,3,A101,completed
6a74b19515003d9820b4c7ef,6a71f25956c0266186cf5ac2,2026-07-28 17:00:00,1,3,D101,completed
6a74b19515003d9820b4c7fa,6a71f25a56c0266186cf5b04,2026-07-28 17:00:00,1,3,A301,completed
6a74b19515003d9820b4c806,6a71f25a56c0266186cf5aec,2026-07-29 17:00:00,4,3,D401,completed
6a74b19515003d9820b4c80e,6a71f25956c0266186cf5abc,2026-07-30 17:00:00,1,3,A102,completed
6a74b19515003d9820b4c813,6a71f25a56c0266186cf5ada,2026-07-30 17:00:00,4,3,A301,completed
6a74b19515003d9820b4c814,6a71f25a56c0266186cf5ae0,2026-07-30 17:00:00,4,3,A302,completed
6a74b19515003d9820b4c819,6a71f25a56c0266186cf5afe,2026-07-30 17:00:00,7,4,LAB01,completed
6a74b19515003d9820b4c81c,6a749bcdf6ccb57abf5e5d08,2026-07-30 17:00:00,1,10,LAB-24H,completed
6a74b19515003d9820b4c821,6a71f25956c0266186cf5ace,2026-07-31 17:00:00,4,2,E101,completed
6a74b19515003d9820b4c822,6a71f25a56c0266186cf5ad4,2026-07-31 17:00:00,7,2,E102,completed
6a74b19515003d9820b4c826,6a71f25a56c0266186cf5aec,2026-07-31 17:00:00,4,3,D401,completed
6a74b19515003d9820b4c82a,6a71f25a56c0266186cf5b04,2026-07-31 17:00:00,1,3,A301,completed
6a74b19515003d9820b4c82c,6a749bcdf6ccb57abf5e5d08,2026-07-31 17:00:00,1,10,LAB-24H,completed
6a74b19515003d9820b4c82e,6a71f25956c0266186cf5abc,2026-08-01 17:00:00,1,3,A102,completed
6a74b19515003d9820b4c834,6a71f25a56c0266186cf5ae0,2026-08-01 17:00:00,4,3,A302,completed
6a74b19515003d9820b4c837,6a71f25a56c0266186cf5af2,2026-08-01 17:00:00,1,3,C101,completed
6a74b19515003d9820b4c839,6a71f25a56c0266186cf5afe,2026-08-01 17:00:00,7,4,LAB01,completed
6a74b19515003d9820b4c83d,6a71f25956c0266186cf5ab6,2026-08-02 17:00:00,1,3,A101,completed
6a74b19515003d9820b4c83f,6a71f25956c0266186cf5ac2,2026-08-02 17:00:00,1,3,D101,completed
6a74b19515003d9820b4c840,6a71f25956c0266186cf5ac8,2026-08-02 17:00:00,4,3,D201,completed
6a74b19515003d9820b4c842,6a71f25a56c0266186cf5ad4,2026-08-02 17:00:00,7,2,E102,completed
6a74b19515003d9820b4c849,6a71f25a56c0266186cf5afe,2026-08-02 17:00:00,7,4,LAB01,completed
6a74b19515003d9820b4c84e,6a71f25956c0266186cf5abc,2026-08-03 17:00:00,1,3,A102,completed
6a74b19515003d9820b4c853,6a71f25a56c0266186cf5ada,2026-08-03 17:00:00,4,3,A301,completed
6a74b19515003d9820b4c854,6a71f25a56c0266186cf5ae0,2026-08-03 17:00:00,4,3,A302,completed
6a74b19515003d9820b4c859,6a71f25a56c0266186cf5afe,2026-08-03 17:00:00,7,4,LAB01,completed
6a74b19515003d9820b4c7b4,6a71f25a56c0266186cf5ae6,2026-07-23 17:00:00,7,3,B201,completed
6a74b19515003d9820b4c7be,6a71f25956c0266186cf5ac2,2026-07-24 17:00:00,1,3,D101,completed
6a74b19515003d9820b4c7c0,6a71f25956c0266186cf5ace,2026-07-24 17:00:00,4,2,E101,completed
6a74b19515003d9820b4c7c1,6a71f25a56c0266186cf5ad4,2026-07-24 17:00:00,7,2,E102,completed
6a74b19515003d9820b4c7c2,6a71f25a56c0266186cf5ada,2026-07-24 17:00:00,4,3,A301,completed
6a74b19515003d9820b4c7c3,6a71f25a56c0266186cf5ae0,2026-07-24 17:00:00,4,3,A302,completed
6a74b19515003d9820b4c7d8,6a71f25a56c0266186cf5afe,2026-07-25 17:00:00,7,4,LAB01,completed
6a74b19515003d9820b4c7de,6a71f25956c0266186cf5ac2,2026-07-26 17:00:00,1,3,D101,completed
6a74b19515003d9820b4c7e4,6a71f25a56c0266186cf5ae6,2026-07-26 17:00:00,7,3,B201,completed
6a74b19515003d9820b4c7e5,6a71f25a56c0266186cf5aec,2026-07-26 17:00:00,4,3,D401,completed
6a74b19515003d9820b4c7eb,6a749bcdf6ccb57abf5e5d08,2026-07-26 17:00:00,1,10,LAB-24H,completed
6a74b19515003d9820b4c7ee,6a71f25956c0266186cf5abc,2026-07-28 17:00:00,1,3,A102,completed
6a74b19515003d9820b4c7f0,6a71f25956c0266186cf5ac8,2026-07-28 17:00:00,4,3,D201,completed
6a74b19515003d9820b4c7f6,6a71f25a56c0266186cf5aec,2026-07-28 17:00:00,4,3,D401,completed
6a74b19515003d9820b4c7f8,6a71f25a56c0266186cf5af8,2026-07-28 17:00:00,10,3,C201,completed
6a74b19515003d9820b4c7f9,6a71f25a56c0266186cf5afe,2026-07-28 17:00:00,7,4,LAB01,completed
6a74b19515003d9820b4c803,6a71f25a56c0266186cf5ada,2026-07-29 17:00:00,4,3,A301,completed
6a74b19515003d9820b4c805,6a71f25a56c0266186cf5ae6,2026-07-29 17:00:00,7,3,B201,completed
6a74b19515003d9820b4c80a,6a71f25a56c0266186cf5b04,2026-07-29 17:00:00,1,3,A301,completed
6a74b19515003d9820b4c810,6a71f25956c0266186cf5ac8,2026-07-30 17:00:00,4,3,D201,completed
6a74b19515003d9820b4c811,6a71f25956c0266186cf5ace,2026-07-30 17:00:00,4,2,E101,completed
6a74b19515003d9820b4c815,6a71f25a56c0266186cf5ae6,2026-07-30 17:00:00,7,3,B201,completed
6a74b19515003d9820b4c825,6a71f25a56c0266186cf5ae6,2026-07-31 17:00:00,7,3,B201,completed
6a74b19515003d9820b4c82b,6a71f25a56c0266186cf5b0a,2026-07-31 17:00:00,1,4,LAB02,completed
6a74b19515003d9820b4c832,6a71f25a56c0266186cf5ad4,2026-08-01 17:00:00,7,2,E102,completed
6a74b19515003d9820b4c835,6a71f25a56c0266186cf5ae6,2026-08-01 17:00:00,7,3,B201,completed
6a74b19515003d9820b4c836,6a71f25a56c0266186cf5aec,2026-08-01 17:00:00,4,3,D401,completed
6a74b19515003d9820b4c838,6a71f25a56c0266186cf5af8,2026-08-01 17:00:00,10,3,C201,completed
6a74b19515003d9820b4c83e,6a71f25956c0266186cf5abc,2026-08-02 17:00:00,1,3,A102,completed
6a74b19515003d9820b4c845,6a71f25a56c0266186cf5ae6,2026-08-02 17:00:00,7,3,B201,completed
6a74b19515003d9820b4c84f,6a71f25956c0266186cf5ac2,2026-08-03 17:00:00,1,3,D101,completed
6a74b19515003d9820b4c85b,6a71f25a56c0266186cf5b0a,2026-08-03 17:00:00,1,4,LAB02,completed
6a74b19515003d9820b4c862,6a71f25a56c0266186cf5ad4,2026-08-04 17:00:00,7,2,E102,completed
6a74b19515003d9820b4c866,6a71f25a56c0266186cf5aec,2026-08-04 17:00:00,4,3,D401,completed
6a74b19515003d9820b4c867,6a71f25a56c0266186cf5af2,2026-08-04 17:00:00,1,3,C101,completed
6a74b19515003d9820b4c869,6a71f25a56c0266186cf5afe,2026-08-04 17:00:00,7,4,LAB01,completed
6a74b290cf72d304d4ad71a7,6a71f25a56c0266186cf5afe,2026-07-07 17:00:00,7,4,LAB01,completed
6a74b290cf72d304d4ad71a8,6a71f25a56c0266186cf5b04,2026-07-07 17:00:00,1,3,A301,completed
6a74b290cf72d304d4ad71a9,6a71f25a56c0266186cf5b0a,2026-07-07 17:00:00,1,4,LAB02,completed
6a74b290cf72d304d4ad71ac,6a71f25956c0266186cf5abc,2026-07-08 17:00:00,1,3,A102,completed
6a74b290cf72d304d4ad71b4,6a71f25a56c0266186cf5aec,2026-07-08 17:00:00,4,3,D401,completed
6a74b290cf72d304d4ad71c2,6a71f25a56c0266186cf5ae0,2026-07-09 17:00:00,4,3,A302,completed
6a74b290cf72d304d4ad71c5,6a71f25a56c0266186cf5af2,2026-07-09 17:00:00,1,3,C101,completed
6a74b290cf72d304d4ad71c6,6a71f25a56c0266186cf5af8,2026-07-09 17:00:00,10,3,C201,completed
6a74b290cf72d304d4ad71cd,6a71f25956c0266186cf5ac2,2026-07-10 17:00:00,1,3,D101,completed
6a74b290cf72d304d4ad71de,6a71f25956c0266186cf5ac8,2026-07-11 17:00:00,4,3,D201,completed
6a74b290cf72d304d4ad71e2,6a71f25a56c0266186cf5ae0,2026-07-11 17:00:00,4,3,A302,completed
6a74b290cf72d304d4ad71e3,6a71f25a56c0266186cf5ae6,2026-07-11 17:00:00,7,3,B201,completed
6a74b290cf72d304d4ad71e6,6a71f25a56c0266186cf5af8,2026-07-11 17:00:00,10,3,C201,completed
6a74b290cf72d304d4ad71e8,6a71f25a56c0266186cf5b04,2026-07-11 17:00:00,1,3,A301,completed
6a74b290cf72d304d4ad71ed,6a71f25956c0266186cf5ac2,2026-07-12 17:00:00,1,3,D101,completed
6a74b290cf72d304d4ad71f0,6a71f25a56c0266186cf5ad4,2026-07-12 17:00:00,7,2,E102,completed
6a74b290cf72d304d4ad71f4,6a71f25a56c0266186cf5aec,2026-07-12 17:00:00,4,3,D401,completed
6a74b290cf72d304d4ad71f6,6a71f25a56c0266186cf5af8,2026-07-12 17:00:00,10,3,C201,completed
6a74b290cf72d304d4ad71f7,6a71f25a56c0266186cf5afe,2026-07-12 17:00:00,7,4,LAB01,completed
6a74b290cf72d304d4ad71fb,6a749bcdf6ccb57abf5e5d08,2026-07-13 17:00:00,1,10,LAB-24H,completed
6a74b290cf72d304d4ad71fc,6a71f25956c0266186cf5ab6,2026-07-14 17:00:00,1,3,A101,completed
6a74b290cf72d304d4ad71ff,6a71f25956c0266186cf5ac8,2026-07-14 17:00:00,4,3,D201,completed
6a74b290cf72d304d4ad7208,6a71f25a56c0266186cf5afe,2026-07-14 17:00:00,7,4,LAB01,completed
6a74b290cf72d304d4ad720a,6a71f25a56c0266186cf5b0a,2026-07-14 17:00:00,1,4,LAB02,completed
6a74b290cf72d304d4ad720b,6a749bcdf6ccb57abf5e5d08,2026-07-14 17:00:00,1,10,LAB-24H,completed
6a74b290cf72d304d4ad720d,6a71f25956c0266186cf5abc,2026-07-15 17:00:00,1,3,A102,completed
6a74b290cf72d304d4ad7212,6a71f25a56c0266186cf5ada,2026-07-15 17:00:00,4,3,A301,completed
6a74b290cf72d304d4ad7213,6a71f25a56c0266186cf5ae0,2026-07-15 17:00:00,4,3,A302,completed
6a74b290cf72d304d4ad7216,6a71f25a56c0266186cf5af2,2026-07-15 17:00:00,1,3,C101,completed
6a74b290cf72d304d4ad721e,6a71f25956c0266186cf5ac2,2026-07-16 17:00:00,1,3,D101,completed
6a74b290cf72d304d4ad721f,6a71f25956c0266186cf5ac8,2026-07-16 17:00:00,4,3,D201,completed
6a74b290cf72d304d4ad7221,6a71f25a56c0266186cf5ad4,2026-07-16 17:00:00,7,2,E102,completed
6a74b290cf72d304d4ad7225,6a71f25a56c0266186cf5aec,2026-07-16 17:00:00,4,3,D401,completed
6a74b290cf72d304d4ad7228,6a71f25a56c0266186cf5afe,2026-07-16 17:00:00,7,4,LAB01,completed
6a74b290cf72d304d4ad7229,6a71f25a56c0266186cf5b04,2026-07-16 17:00:00,1,3,A301,completed
6a74b290cf72d304d4ad722d,6a71f25956c0266186cf5abc,2026-07-17 17:00:00,1,3,A102,completed
6a74b290cf72d304d4ad7230,6a71f25956c0266186cf5ace,2026-07-17 17:00:00,4,2,E101,completed
6a74b290cf72d304d4ad7234,6a71f25a56c0266186cf5ae6,2026-07-17 17:00:00,7,3,B201,completed
6a74b290cf72d304d4ad7235,6a71f25a56c0266186cf5aec,2026-07-17 17:00:00,4,3,D401,completed
6a74b290cf72d304d4ad7236,6a71f25a56c0266186cf5af2,2026-07-17 17:00:00,1,3,C101,completed
6a74b290cf72d304d4ad7238,6a71f25a56c0266186cf5afe,2026-07-17 17:00:00,7,4,LAB01,completed
6a74b290cf72d304d4ad7239,6a71f25a56c0266186cf5b04,2026-07-17 17:00:00,1,3,A301,completed
6a74b290cf72d304d4ad7240,6a71f25956c0266186cf5ace,2026-07-18 17:00:00,4,2,E101,completed
6a74b290cf72d304d4ad7242,6a71f25a56c0266186cf5ada,2026-07-18 17:00:00,4,3,A301,completed
6a74b290cf72d304d4ad7244,6a71f25a56c0266186cf5ae6,2026-07-18 17:00:00,7,3,B201,completed
6a74b290cf72d304d4ad7246,6a71f25a56c0266186cf5af2,2026-07-18 17:00:00,1,3,C101,completed
6a74b290cf72d304d4ad724d,6a71f25956c0266186cf5abc,2026-07-19 17:00:00,1,3,A102,completed
6a74b290cf72d304d4ad7251,6a71f25a56c0266186cf5ad4,2026-07-19 17:00:00,7,2,E102,completed
6a74b290cf72d304d4ad7253,6a71f25a56c0266186cf5ae0,2026-07-19 17:00:00,4,3,A302,completed
6a74b290cf72d304d4ad7259,6a71f25a56c0266186cf5b04,2026-07-19 17:00:00,1,3,A301,completed
6a74b290cf72d304d4ad725e,6a71f25956c0266186cf5abc,2026-07-21 17:00:00,1,3,A102,completed
6a74b290cf72d304d4ad7260,6a71f25956c0266186cf5ac8,2026-07-21 17:00:00,4,3,D201,completed
6a74b290cf72d304d4ad7263,6a71f25a56c0266186cf5ada,2026-07-21 17:00:00,4,3,A301,completed
6a74b290cf72d304d4ad7265,6a71f25a56c0266186cf5ae6,2026-07-21 17:00:00,7,3,B201,completed
6a74b290cf72d304d4ad726a,6a71f25a56c0266186cf5b04,2026-07-21 17:00:00,1,3,A301,completed
6a74b290cf72d304d4ad719a,6a749bcdf6ccb57abf5e5d08,2026-07-06 17:00:00,1,10,LAB-24H,completed
6a74b290cf72d304d4ad719e,6a71f25956c0266186cf5ac8,2026-07-07 17:00:00,4,3,D201,completed
6a74b290cf72d304d4ad71a0,6a71f25a56c0266186cf5ad4,2026-07-07 17:00:00,7,2,E102,completed
6a74b290cf72d304d4ad71a4,6a71f25a56c0266186cf5aec,2026-07-07 17:00:00,4,3,D401,completed
6a74b290cf72d304d4ad71aa,6a749bcdf6ccb57abf5e5d08,2026-07-07 17:00:00,1,10,LAB-24H,completed
6a74b290cf72d304d4ad71ab,6a71f25956c0266186cf5ab6,2026-07-08 17:00:00,1,3,A101,completed
6a74b290cf72d304d4ad71ae,6a71f25956c0266186cf5ac8,2026-07-08 17:00:00,4,3,D201,completed
6a74b290cf72d304d4ad71b0,6a71f25a56c0266186cf5ad4,2026-07-08 17:00:00,7,2,E102,completed
6a74b290cf72d304d4ad71b5,6a71f25a56c0266186cf5af2,2026-07-08 17:00:00,1,3,C101,completed
6a74b290cf72d304d4ad71b8,6a71f25a56c0266186cf5b04,2026-07-08 17:00:00,1,3,A301,completed
6a74b290cf72d304d4ad71bb,6a71f25956c0266186cf5ab6,2026-07-09 17:00:00,1,3,A101,completed
6a74b290cf72d304d4ad71bd,6a71f25956c0266186cf5ac2,2026-07-09 17:00:00,1,3,D101,completed
6a74b290cf72d304d4ad71be,6a71f25956c0266186cf5ac8,2026-07-09 17:00:00,4,3,D201,completed
6a74b290cf72d304d4ad71c0,6a71f25a56c0266186cf5ad4,2026-07-09 17:00:00,7,2,E102,completed
6a74b290cf72d304d4ad71c3,6a71f25a56c0266186cf5ae6,2026-07-09 17:00:00,7,3,B201,completed
6a74b290cf72d304d4ad71ca,6a749bcdf6ccb57abf5e5d08,2026-07-09 17:00:00,1,10,LAB-24H,completed
6a74b290cf72d304d4ad71cb,6a71f25956c0266186cf5ab6,2026-07-10 17:00:00,1,3,A101,completed
6a74b290cf72d304d4ad71cc,6a71f25956c0266186cf5abc,2026-07-10 17:00:00,1,3,A102,completed
6a74b290cf72d304d4ad71ce,6a71f25956c0266186cf5ac8,2026-07-10 17:00:00,4,3,D201,completed
6a74b290cf72d304d4ad71cf,6a71f25956c0266186cf5ace,2026-07-10 17:00:00,4,2,E101,completed
6a74b290cf72d304d4ad71d2,6a71f25a56c0266186cf5ae0,2026-07-10 17:00:00,4,3,A302,completed
6a74b290cf72d304d4ad71d3,6a71f25a56c0266186cf5ae6,2026-07-10 17:00:00,7,3,B201,completed
6a74b290cf72d304d4ad71d4,6a71f25a56c0266186cf5aec,2026-07-10 17:00:00,4,3,D401,completed
6a74b290cf72d304d4ad71d5,6a71f25a56c0266186cf5af2,2026-07-10 17:00:00,1,3,C101,completed
6a74b290cf72d304d4ad71dd,6a71f25956c0266186cf5ac2,2026-07-11 17:00:00,1,3,D101,completed
6a74b290cf72d304d4ad71e5,6a71f25a56c0266186cf5af2,2026-07-11 17:00:00,1,3,C101,completed
6a74b290cf72d304d4ad71e7,6a71f25a56c0266186cf5afe,2026-07-11 17:00:00,7,4,LAB01,completed
6a74b290cf72d304d4ad71eb,6a71f25956c0266186cf5ab6,2026-07-12 17:00:00,1,3,A101,completed
6a74b290cf72d304d4ad71ee,6a71f25956c0266186cf5ac8,2026-07-12 17:00:00,4,3,D201,completed
6a74b290cf72d304d4ad71f2,6a71f25a56c0266186cf5ae0,2026-07-12 17:00:00,4,3,A302,completed
6a74b290cf72d304d4ad71f3,6a71f25a56c0266186cf5ae6,2026-07-12 17:00:00,7,3,B201,completed
6a74b290cf72d304d4ad71fd,6a71f25956c0266186cf5abc,2026-07-14 17:00:00,1,3,A102,completed
6a74b290cf72d304d4ad7201,6a71f25a56c0266186cf5ad4,2026-07-14 17:00:00,7,2,E102,completed
6a74b290cf72d304d4ad7203,6a71f25a56c0266186cf5ae0,2026-07-14 17:00:00,4,3,A302,completed
6a74b290cf72d304d4ad7204,6a71f25a56c0266186cf5ae6,2026-07-14 17:00:00,7,3,B201,completed
6a74b290cf72d304d4ad7206,6a71f25a56c0266186cf5af2,2026-07-14 17:00:00,1,3,C101,completed
6a74b290cf72d304d4ad7207,6a71f25a56c0266186cf5af8,2026-07-14 17:00:00,10,3,C201,completed
6a74b290cf72d304d4ad720c,6a71f25956c0266186cf5ab6,2026-07-15 17:00:00,1,3,A101,completed
6a74b290cf72d304d4ad720f,6a71f25956c0266186cf5ac8,2026-07-15 17:00:00,4,3,D201,completed
6a74b290cf72d304d4ad7210,6a71f25956c0266186cf5ace,2026-07-15 17:00:00,4,2,E101,completed
6a74b290cf72d304d4ad7214,6a71f25a56c0266186cf5ae6,2026-07-15 17:00:00,7,3,B201,completed
6a74b290cf72d304d4ad7215,6a71f25a56c0266186cf5aec,2026-07-15 17:00:00,4,3,D401,completed
6a74b290cf72d304d4ad7218,6a71f25a56c0266186cf5afe,2026-07-15 17:00:00,7,4,LAB01,completed
6a74b290cf72d304d4ad721a,6a71f25a56c0266186cf5b0a,2026-07-15 17:00:00,1,4,LAB02,completed
6a74b290cf72d304d4ad721c,6a71f25956c0266186cf5ab6,2026-07-16 17:00:00,1,3,A101,completed
6a74b290cf72d304d4ad722b,6a749bcdf6ccb57abf5e5d08,2026-07-16 17:00:00,1,10,LAB-24H,completed
6a74b290cf72d304d4ad722c,6a71f25956c0266186cf5ab6,2026-07-17 17:00:00,1,3,A101,completed
6a74b290cf72d304d4ad7231,6a71f25a56c0266186cf5ad4,2026-07-17 17:00:00,7,2,E102,completed
6a74b290cf72d304d4ad7237,6a71f25a56c0266186cf5af8,2026-07-17 17:00:00,10,3,C201,completed
6a74b290cf72d304d4ad723a,6a71f25a56c0266186cf5b0a,2026-07-17 17:00:00,1,4,LAB02,completed
6a74b290cf72d304d4ad723d,6a71f25956c0266186cf5abc,2026-07-18 17:00:00,1,3,A102,completed
6a74b290cf72d304d4ad723f,6a71f25956c0266186cf5ac8,2026-07-18 17:00:00,4,3,D201,completed
6a74b290cf72d304d4ad7241,6a71f25a56c0266186cf5ad4,2026-07-18 17:00:00,7,2,E102,completed
6a74b290cf72d304d4ad7243,6a71f25a56c0266186cf5ae0,2026-07-18 17:00:00,4,3,A302,completed
6a74b290cf72d304d4ad7245,6a71f25a56c0266186cf5aec,2026-07-18 17:00:00,4,3,D401,completed
6a74b290cf72d304d4ad7247,6a71f25a56c0266186cf5af8,2026-07-18 17:00:00,10,3,C201,completed
6a74b290cf72d304d4ad724e,6a71f25956c0266186cf5ac2,2026-07-19 17:00:00,1,3,D101,completed
6a74b290cf72d304d4ad7255,6a71f25a56c0266186cf5aec,2026-07-19 17:00:00,4,3,D401,completed
6a74b290cf72d304d4ad7257,6a71f25a56c0266186cf5af8,2026-07-19 17:00:00,10,3,C201,completed
6a74b290cf72d304d4ad7261,6a71f25956c0266186cf5ace,2026-07-21 17:00:00,4,2,E101,completed
6a74b290cf72d304d4ad7269,6a71f25a56c0266186cf5afe,2026-07-21 17:00:00,7,4,LAB01,completed
6a74b290cf72d304d4ad726c,6a749bcdf6ccb57abf5e5d08,2026-07-21 17:00:00,1,10,LAB-24H,completed
6a74b290cf72d304d4ad719b,6a71f25956c0266186cf5ab6,2026-07-07 17:00:00,1,3,A101,completed
6a74b290cf72d304d4ad719c,6a71f25956c0266186cf5abc,2026-07-07 17:00:00,1,3,A102,completed
6a74b290cf72d304d4ad719d,6a71f25956c0266186cf5ac2,2026-07-07 17:00:00,1,3,D101,completed
6a74b290cf72d304d4ad71a1,6a71f25a56c0266186cf5ada,2026-07-07 17:00:00,4,3,A301,completed
6a74b290cf72d304d4ad71a2,6a71f25a56c0266186cf5ae0,2026-07-07 17:00:00,4,3,A302,completed
6a74b290cf72d304d4ad71b1,6a71f25a56c0266186cf5ada,2026-07-08 17:00:00,4,3,A301,completed
6a74b290cf72d304d4ad71b3,6a71f25a56c0266186cf5ae6,2026-07-08 17:00:00,7,3,B201,completed
6a74b290cf72d304d4ad71b7,6a71f25a56c0266186cf5afe,2026-07-08 17:00:00,7,4,LAB01,completed
6a74b290cf72d304d4ad71b9,6a71f25a56c0266186cf5b0a,2026-07-08 17:00:00,1,4,LAB02,completed
6a74b290cf72d304d4ad71bc,6a71f25956c0266186cf5abc,2026-07-09 17:00:00,1,3,A102,completed
6a74b290cf72d304d4ad71c1,6a71f25a56c0266186cf5ada,2026-07-09 17:00:00,4,3,A301,completed
6a74b290cf72d304d4ad71c4,6a71f25a56c0266186cf5aec,2026-07-09 17:00:00,4,3,D401,completed
6a74b290cf72d304d4ad71c8,6a71f25a56c0266186cf5b04,2026-07-09 17:00:00,1,3,A301,completed
6a74b290cf72d304d4ad71d8,6a71f25a56c0266186cf5b04,2026-07-10 17:00:00,1,3,A301,completed
6a74b290cf72d304d4ad71da,6a749bcdf6ccb57abf5e5d08,2026-07-10 17:00:00,1,10,LAB-24H,completed
6a74b290cf72d304d4ad71db,6a71f25956c0266186cf5ab6,2026-07-11 17:00:00,1,3,A101,completed
6a74b290cf72d304d4ad71dc,6a71f25956c0266186cf5abc,2026-07-11 17:00:00,1,3,A102,completed
6a74b290cf72d304d4ad71df,6a71f25956c0266186cf5ace,2026-07-11 17:00:00,4,2,E101,completed
6a74b290cf72d304d4ad71e1,6a71f25a56c0266186cf5ada,2026-07-11 17:00:00,4,3,A301,completed
6a74b290cf72d304d4ad71e4,6a71f25a56c0266186cf5aec,2026-07-11 17:00:00,4,3,D401,completed
6a74b290cf72d304d4ad71e9,6a71f25a56c0266186cf5b0a,2026-07-11 17:00:00,1,4,LAB02,completed
6a74b290cf72d304d4ad71ea,6a749bcdf6ccb57abf5e5d08,2026-07-11 17:00:00,1,10,LAB-24H,completed
6a74b290cf72d304d4ad71ef,6a71f25956c0266186cf5ace,2026-07-12 17:00:00,4,2,E101,completed
6a74b290cf72d304d4ad71f5,6a71f25a56c0266186cf5af2,2026-07-12 17:00:00,1,3,C101,completed
6a74b290cf72d304d4ad71f9,6a71f25a56c0266186cf5b0a,2026-07-12 17:00:00,1,4,LAB02,completed
6a74b290cf72d304d4ad71fa,6a749bcdf6ccb57abf5e5d08,2026-07-12 17:00:00,1,10,LAB-24H,completed
6a74b290cf72d304d4ad71fe,6a71f25956c0266186cf5ac2,2026-07-14 17:00:00,1,3,D101,completed
6a74b290cf72d304d4ad7200,6a71f25956c0266186cf5ace,2026-07-14 17:00:00,4,2,E101,completed
6a74b290cf72d304d4ad7209,6a71f25a56c0266186cf5b04,2026-07-14 17:00:00,1,3,A301,completed
6a74b290cf72d304d4ad720e,6a71f25956c0266186cf5ac2,2026-07-15 17:00:00,1,3,D101,completed
6a74b290cf72d304d4ad7211,6a71f25a56c0266186cf5ad4,2026-07-15 17:00:00,7,2,E102,completed
6a74b290cf72d304d4ad7217,6a71f25a56c0266186cf5af8,2026-07-15 17:00:00,10,3,C201,completed
6a74b290cf72d304d4ad721b,6a749bcdf6ccb57abf5e5d08,2026-07-15 17:00:00,1,10,LAB-24H,completed
6a74b290cf72d304d4ad721d,6a71f25956c0266186cf5abc,2026-07-16 17:00:00,1,3,A102,completed
6a74b290cf72d304d4ad7224,6a71f25a56c0266186cf5ae6,2026-07-16 17:00:00,7,3,B201,completed
6a74b290cf72d304d4ad7226,6a71f25a56c0266186cf5af2,2026-07-16 17:00:00,1,3,C101,completed
6a74b290cf72d304d4ad722a,6a71f25a56c0266186cf5b0a,2026-07-16 17:00:00,1,4,LAB02,completed
6a74b290cf72d304d4ad722e,6a71f25956c0266186cf5ac2,2026-07-17 17:00:00,1,3,D101,completed
6a74b290cf72d304d4ad723c,6a71f25956c0266186cf5ab6,2026-07-18 17:00:00,1,3,A101,completed
6a74b290cf72d304d4ad724a,6a71f25a56c0266186cf5b0a,2026-07-18 17:00:00,1,4,LAB02,completed
6a74b290cf72d304d4ad724f,6a71f25956c0266186cf5ac8,2026-07-19 17:00:00,4,3,D201,completed
6a74b290cf72d304d4ad7250,6a71f25956c0266186cf5ace,2026-07-19 17:00:00,4,2,E101,completed
6a74b290cf72d304d4ad7254,6a71f25a56c0266186cf5ae6,2026-07-19 17:00:00,7,3,B201,completed
6a74b290cf72d304d4ad7258,6a71f25a56c0266186cf5afe,2026-07-19 17:00:00,7,4,LAB01,completed
6a74b290cf72d304d4ad725a,6a71f25a56c0266186cf5b0a,2026-07-19 17:00:00,1,4,LAB02,completed
6a74b290cf72d304d4ad725b,6a749bcdf6ccb57abf5e5d08,2026-07-19 17:00:00,1,10,LAB-24H,completed
6a74b290cf72d304d4ad725d,6a71f25956c0266186cf5ab6,2026-07-21 17:00:00,1,3,A101,completed
6a74b290cf72d304d4ad7262,6a71f25a56c0266186cf5ad4,2026-07-21 17:00:00,7,2,E102,completed
6a74b290cf72d304d4ad7264,6a71f25a56c0266186cf5ae0,2026-07-21 17:00:00,4,3,A302,completed
6a74b290cf72d304d4ad719f,6a71f25956c0266186cf5ace,2026-07-07 17:00:00,4,2,E101,completed
6a74b290cf72d304d4ad71a3,6a71f25a56c0266186cf5ae6,2026-07-07 17:00:00,7,3,B201,completed
6a74b290cf72d304d4ad71a5,6a71f25a56c0266186cf5af2,2026-07-07 17:00:00,1,3,C101,completed
6a74b290cf72d304d4ad71a6,6a71f25a56c0266186cf5af8,2026-07-07 17:00:00,10,3,C201,completed
6a74b290cf72d304d4ad71ad,6a71f25956c0266186cf5ac2,2026-07-08 17:00:00,1,3,D101,completed
6a74b290cf72d304d4ad71af,6a71f25956c0266186cf5ace,2026-07-08 17:00:00,4,2,E101,completed
6a74b290cf72d304d4ad71b2,6a71f25a56c0266186cf5ae0,2026-07-08 17:00:00,4,3,A302,completed
6a74b290cf72d304d4ad71b6,6a71f25a56c0266186cf5af8,2026-07-08 17:00:00,10,3,C201,completed
6a74b290cf72d304d4ad71ba,6a749bcdf6ccb57abf5e5d08,2026-07-08 17:00:00,1,10,LAB-24H,completed
6a74b290cf72d304d4ad71bf,6a71f25956c0266186cf5ace,2026-07-09 17:00:00,4,2,E101,completed
6a74b290cf72d304d4ad71c7,6a71f25a56c0266186cf5afe,2026-07-09 17:00:00,7,4,LAB01,completed
6a74b290cf72d304d4ad71c9,6a71f25a56c0266186cf5b0a,2026-07-09 17:00:00,1,4,LAB02,completed
6a74b290cf72d304d4ad71d0,6a71f25a56c0266186cf5ad4,2026-07-10 17:00:00,7,2,E102,completed
6a74b290cf72d304d4ad71d1,6a71f25a56c0266186cf5ada,2026-07-10 17:00:00,4,3,A301,completed
6a74b290cf72d304d4ad71d6,6a71f25a56c0266186cf5af8,2026-07-10 17:00:00,10,3,C201,completed
6a74b290cf72d304d4ad71d7,6a71f25a56c0266186cf5afe,2026-07-10 17:00:00,7,4,LAB01,completed
6a74b290cf72d304d4ad71d9,6a71f25a56c0266186cf5b0a,2026-07-10 17:00:00,1,4,LAB02,completed
6a74b290cf72d304d4ad71e0,6a71f25a56c0266186cf5ad4,2026-07-11 17:00:00,7,2,E102,completed
6a74b290cf72d304d4ad71ec,6a71f25956c0266186cf5abc,2026-07-12 17:00:00,1,3,A102,completed
6a74b290cf72d304d4ad71f1,6a71f25a56c0266186cf5ada,2026-07-12 17:00:00,4,3,A301,completed
6a74b290cf72d304d4ad71f8,6a71f25a56c0266186cf5b04,2026-07-12 17:00:00,1,3,A301,completed
6a74b290cf72d304d4ad7202,6a71f25a56c0266186cf5ada,2026-07-14 17:00:00,4,3,A301,completed
6a74b290cf72d304d4ad7205,6a71f25a56c0266186cf5aec,2026-07-14 17:00:00,4,3,D401,completed
6a74b290cf72d304d4ad7219,6a71f25a56c0266186cf5b04,2026-07-15 17:00:00,1,3,A301,completed
6a74b290cf72d304d4ad7220,6a71f25956c0266186cf5ace,2026-07-16 17:00:00,4,2,E101,completed
6a74b290cf72d304d4ad7222,6a71f25a56c0266186cf5ada,2026-07-16 17:00:00,4,3,A301,completed
6a74b290cf72d304d4ad7223,6a71f25a56c0266186cf5ae0,2026-07-16 17:00:00,4,3,A302,completed
6a74b290cf72d304d4ad7227,6a71f25a56c0266186cf5af8,2026-07-16 17:00:00,10,3,C201,completed
6a74b290cf72d304d4ad722f,6a71f25956c0266186cf5ac8,2026-07-17 17:00:00,4,3,D201,completed
6a74b290cf72d304d4ad7232,6a71f25a56c0266186cf5ada,2026-07-17 17:00:00,4,3,A301,completed
6a74b290cf72d304d4ad7233,6a71f25a56c0266186cf5ae0,2026-07-17 17:00:00,4,3,A302,completed
6a74b290cf72d304d4ad723b,6a749bcdf6ccb57abf5e5d08,2026-07-17 17:00:00,1,10,LAB-24H,completed
6a74b290cf72d304d4ad723e,6a71f25956c0266186cf5ac2,2026-07-18 17:00:00,1,3,D101,completed
6a74b290cf72d304d4ad7248,6a71f25a56c0266186cf5afe,2026-07-18 17:00:00,7,4,LAB01,completed
6a74b290cf72d304d4ad7249,6a71f25a56c0266186cf5b04,2026-07-18 17:00:00,1,3,A301,completed
6a74b290cf72d304d4ad724b,6a749bcdf6ccb57abf5e5d08,2026-07-18 17:00:00,1,10,LAB-24H,completed
6a74b290cf72d304d4ad724c,6a71f25956c0266186cf5ab6,2026-07-19 17:00:00,1,3,A101,completed
6a74b290cf72d304d4ad7252,6a71f25a56c0266186cf5ada,2026-07-19 17:00:00,4,3,A301,completed
6a74b290cf72d304d4ad7256,6a71f25a56c0266186cf5af2,2026-07-19 17:00:00,1,3,C101,completed
6a74b290cf72d304d4ad725c,6a749bcdf6ccb57abf5e5d08,2026-07-20 17:00:00,1,10,LAB-24H,completed
6a74b290cf72d304d4ad725f,6a71f25956c0266186cf5ac2,2026-07-21 17:00:00,1,3,D101,completed
6a74b290cf72d304d4ad7266,6a71f25a56c0266186cf5aec,2026-07-21 17:00:00,4,3,D401,completed
6a74b290cf72d304d4ad7267,6a71f25a56c0266186cf5af2,2026-07-21 17:00:00,1,3,C101,completed
6a74b290cf72d304d4ad7268,6a71f25a56c0266186cf5af8,2026-07-21 17:00:00,10,3,C201,completed
6a74b290cf72d304d4ad726b,6a71f25a56c0266186cf5b0a,2026-07-21 17:00:00,1,4,LAB02,completed
6a772cac126cde3fd8e6b640,6a749bcdf6ccb57abf5e5d08,2026-08-08 00:00:00,1,3,A101,scheduled
